"","text","favorited","favoriteCount","replyToSN","created","truncated","replyToSID","id","replyToUID","statusSource","screenName","retweetCount","isRetweet","retweeted","longitude","latitude"
"1","RT @soymotta: Los equipos no paran de desarrollar soluciones para la Ciudad en la #hackathonposadas .
¬°Aplausos al esfuerzo y la dedicaci√≥n‚Ä¶",FALSE,0,NA,2017-05-28 23:58:07,FALSE,NA,"868979729394786304",NA,"<a href=""http://twitter.com/download/android"" rel=""nofollow"">Twitter for Android</a>","kasandrads14",5,TRUE,FALSE,NA,NA
"2","RT @CMArzamendiA: #hackathonposadas : Los jueces eval√∫an los proyectos innovadores para la ciudad de Posadas @losadajoaquin @pepivillalba h‚Ä¶",FALSE,0,NA,2017-05-28 23:56:38,FALSE,NA,"868979358026932224",NA,"<a href=""http://twitter.com/download/android"" rel=""nofollow"">Twitter for Android</a>","kasandrads14",8,TRUE,FALSE,NA,NA
"3","RT @CMArzamendiA: #Hackathonposadas los equipos presentan sus proyectos de innovaci√≥n ciudadana! @losadajoaquin @pepivillalba https://t.co/‚Ä¶",FALSE,0,NA,2017-05-28 23:56:35,FALSE,NA,"868979343665623040",NA,"<a href=""http://twitter.com/download/android"" rel=""nofollow"">Twitter for Android</a>","kasandrads14",7,TRUE,FALSE,NA,NA
"4","RT @CMArzamendiA: #HackathonPosadas #HOY 14 proyectos concursan por el primer premio de innovaci√≥n ciudadana en UCaMi @losadajoaquin @pepiv‚Ä¶",FALSE,0,NA,2017-05-28 23:56:32,FALSE,NA,"868979332995317763",NA,"<a href=""http://twitter.com/download/android"" rel=""nofollow"">Twitter for Android</a>","kasandrads14",6,TRUE,FALSE,NA,NA
"5","RT @CMArzamendiA: #hackathonposadas #hoy yoga. https://t.co/97zf6b0prR",FALSE,0,NA,2017-05-28 23:56:16,FALSE,NA,"868979264506540033",NA,"<a href=""http://twitter.com/download/android"" rel=""nofollow"">Twitter for Android</a>","kasandrads14",6,TRUE,FALSE,NA,NA
"6","RT @CMArzamendiA: #Hackathonposadas los equipos presentan sus proyectos de innovaci√≥n ciudadana! @losadajoaquin @pepivillalba https://t.co/‚Ä¶",FALSE,0,NA,2017-05-28 23:38:41,FALSE,NA,"868974841428422656",NA,"<a href=""http://twitter.com/download/android"" rel=""nofollow"">Twitter for Android</a>","britezdaniel",7,TRUE,FALSE,NA,NA
"7","RT @CMArzamendiA: #Hackathonposadas los equipos presentan sus proyectos de innovaci√≥n ciudadana! @losadajoaquin @pepivillalba https://t.co/‚Ä¶",FALSE,0,NA,2017-05-28 23:34:10,FALSE,NA,"868973706227458048",NA,"<a href=""http://twitter.com/download/android"" rel=""nofollow"">Twitter for Android</a>","losadajoaquin",7,TRUE,FALSE,NA,NA
"8","RT @muniposadas: #Ahora Evaluaci√≥n de proyectos de innovaci√≥n ciudadana en el cierre del #HackathonPosadas https://t.co/VzBNQ9nL9j",FALSE,0,NA,2017-05-28 23:33:26,FALSE,NA,"868973518054199296",NA,"<a href=""http://twitter.com/download/android"" rel=""nofollow"">Twitter for Android</a>","losadajoaquin",4,TRUE,FALSE,NA,NA
"9","Felicitaciones @FelipeSMBarros @santiagosemhan @raulneis, excelentes proyectos, muy merecido estar entre los premiados del #HackathonPosadas",FALSE,1,NA,2017-05-28 22:54:29,FALSE,NA,"868963718721351680",NA,"<a href=""http://twitter.com/download/iphone"" rel=""nofollow"">Twitter for iPhone</a>","kickebarrios",2,FALSE,FALSE,NA,NA
"10","RT @posadastech: √öltimo proyecto - Misiones #HackathonPosadas https://t.co/JDyTm3WsoW",FALSE,0,NA,2017-05-28 22:41:36,FALSE,NA,"868960476948025345",NA,"<a href=""http://twitter.com/download/android"" rel=""nofollow"">Twitter for Android</a>","Gustavo_quintan",1,TRUE,FALSE,NA,NA
"11","Que buena experiencia #hackathonposadas",FALSE,2,NA,2017-05-28 22:20:31,FALSE,NA,"868955169316384768",NA,"<a href=""http://twitter.com/download/android"" rel=""nofollow"">Twitter for Android</a>","VeeritoEscobar",0,FALSE,FALSE,NA,NA
"12","#HackathonPosadas La decisi√≥n del jurado. https://t.co/RHyqW6InIc",FALSE,2,NA,2017-05-28 22:00:42,FALSE,NA,"868950182028873729",NA,"<a href=""http://twitter.com/download/android"" rel=""nofollow"">Twitter for Android</a>","posadastech",0,FALSE,FALSE,NA,NA
"13","10mo proyecto: Nube Misionera
@posadastech #HackathonPosadas https://t.co/g2S3axTXNj",FALSE,0,NA,2017-05-28 21:54:18,FALSE,NA,"868948570237534209",NA,"<a href=""http://twitter.com/download/iphone"" rel=""nofollow"">Twitter for iPhone</a>","kickebarrios",0,FALSE,FALSE,NA,NA
"14","9no proyecto: Posadas Ciudad Universitaria
@posadastech #HackathonPosadas https://t.co/GYQT0G0Hc8",FALSE,2,NA,2017-05-28 21:53:46,FALSE,NA,"868948435982061574",NA,"<a href=""http://twitter.com/download/iphone"" rel=""nofollow"">Twitter for iPhone</a>","kickebarrios",0,FALSE,FALSE,NA,NA
"15","8vo proyecto: Geo Posadas 
Mejor posicionamiento de los emprendimientos
@posadastech #HackathonPosadas https://t.co/HCqaNWayop",FALSE,0,NA,2017-05-28 21:53:16,FALSE,NA,"868948312044351489",NA,"<a href=""http://twitter.com/download/iphone"" rel=""nofollow"">Twitter for iPhone</a>","kickebarrios",0,FALSE,FALSE,NA,NA
"16","√öltimo proyecto - Misiones #HackathonPosadas https://t.co/JDyTm3WsoW",FALSE,2,NA,2017-05-28 21:49:24,FALSE,NA,"868947338714382337",NA,"<a href=""http://twitter.com/download/android"" rel=""nofollow"">Twitter for Android</a>","posadastech",1,FALSE,FALSE,NA,NA
"17","RT @posadastech: 3er Proyecto: Una ciudad limpia libre de residuos. #HackathonPosadas https://t.co/q4M961HSDF",FALSE,0,NA,2017-05-28 21:48:59,FALSE,NA,"868947234062249984",NA,"<a href=""http://twitter.com/download/android"" rel=""nofollow"">Twitter for Android</a>","AntonellaAldu",3,TRUE,FALSE,NA,NA
"18","RT @posadastech: 3er Proyecto: Una #Posadas m√°s limpia y ecol√≥gica. #HackathonPosadas (Prototipo) https://t.co/xJ9Py9z9BJ",FALSE,0,NA,2017-05-28 21:48:51,FALSE,NA,"868947199870328832",NA,"<a href=""http://twitter.com/download/android"" rel=""nofollow"">Twitter for Android</a>","AntonellaAldu",4,TRUE,FALSE,NA,NA
"19","#ideaton vs #hackathon #hackathonposadas",FALSE,4,NA,2017-05-28 21:38:38,FALSE,NA,"868944630125088768",NA,"<a href=""http://twitter.com/download/iphone"" rel=""nofollow"">Twitter for iPhone</a>","matudelatower",1,FALSE,FALSE,NA,NA
"20","@sandovalgus ganando el #hackathonposadas  jajajajaja!! https://t.co/jhjATjPaq2",FALSE,1,"sandovalgus",2017-05-28 21:23:13,FALSE,NA,"868940750305841152","202196583","<a href=""http://twitter.com/download/android"" rel=""nofollow"">Twitter for Android</a>","Terrobesa",0,FALSE,FALSE,NA,NA
"21","Proyecto Dejando Huella, un espacio para conocer los Saltos de la Provincia #HackathonPosadas https://t.co/cRxVEwcYlf",FALSE,0,NA,2017-05-28 21:19:57,FALSE,NA,"868939925730856960",NA,"<a href=""http://twitter.com/download/android"" rel=""nofollow"">Twitter for Android</a>","posadastech",0,FALSE,FALSE,NA,NA
"22","Proyecto Dejando huellas- #HackathonPosadas https://t.co/w4AsF0Mmsb",FALSE,0,NA,2017-05-28 21:17:40,FALSE,NA,"868939354961580033",NA,"<a href=""http://twitter.com/download/android"" rel=""nofollow"">Twitter for Android</a>","posadastech",0,FALSE,FALSE,NA,NA
"23","A un grupo se le colg√≥ Windows en la presentaci√≥n del #hackathonposadas https://t.co/Gt1madiSZ6",FALSE,0,NA,2017-05-28 21:15:51,FALSE,NA,"868938894393434112",NA,"<a href=""http://twitter.com/download/android"" rel=""nofollow"">Twitter for Android</a>","sandovalgus",0,FALSE,FALSE,NA,NA
"24","Un espacio donde un usuario desee aprender y Compartir sus proyectos #HackathonPosadas https://t.co/rO21zUAobE",FALSE,0,NA,2017-05-28 21:12:53,FALSE,NA,"868938149925400586",NA,"<a href=""http://twitter.com/download/android"" rel=""nofollow"">Twitter for Android</a>","posadastech",0,FALSE,FALSE,NA,NA
"25","Presentaci√≥n de Nube Misionera #HackathonPosadas https://t.co/6eAcDPgya0",FALSE,0,NA,2017-05-28 21:04:48,FALSE,NA,"868936116338126848",NA,"<a href=""http://twitter.com/download/android"" rel=""nofollow"">Twitter for Android</a>","posadastech",0,FALSE,FALSE,NA,NA
"26","Proyecto Nube Misionera #HackathonPosadas https://t.co/FIzMaSPcg7",FALSE,0,NA,2017-05-28 21:01:52,FALSE,NA,"868935378102870021",NA,"<a href=""http://twitter.com/download/android"" rel=""nofollow"">Twitter for Android</a>","posadastech",0,FALSE,FALSE,NA,NA
"27","RT @innova_scape: Mat√≠as Motta: Momemtos definitorios de la #hackathonposadas! #hackathon #innovacion #innovation https://t.co/iHN34HNxJT",FALSE,0,NA,2017-05-28 20:59:05,FALSE,NA,"868934676769107972",NA,"<a href=""https://www.eitdigital.eu"" rel=""nofollow"">Retweeter Innovation</a>","innovation_rtw",3,TRUE,FALSE,NA,NA
"28","RT @innova_scape: Mat√≠as Motta: Momemtos definitorios de la #hackathonposadas! #hackathon #innovacion #innovation https://t.co/iHN34HNxJT",FALSE,0,NA,2017-05-28 20:58:26,FALSE,NA,"868934510766940166",NA,"<a href=""http://www.ehwiederbeste.de"" rel=""nofollow"">EhWiederBeste</a>","BSBot01",3,TRUE,FALSE,NA,NA
"29","Mat√≠as Motta: Momemtos definitorios de la #hackathonposadas! #hackathon #innovacion #innovation https://t.co/iHN34HNxJT",FALSE,2,NA,2017-05-28 20:55:39,FALSE,NA,"868933811840720896",NA,"<a href=""https://ifttt.com"" rel=""nofollow"">IFTTT</a>","innova_scape",3,FALSE,FALSE,NA,NA
"30","RT @CMArzamendiA: #Hackathonposadas los equipos presentan sus proyectos de innovaci√≥n ciudadana! @losadajoaquin @pepivillalba https://t.co/‚Ä¶",FALSE,0,NA,2017-05-28 20:53:51,FALSE,NA,"868933359287840769",NA,"<a href=""http://twitter.com/download/android"" rel=""nofollow"">Twitter for Android</a>","Sara_perez_21",7,TRUE,FALSE,NA,NA
"31","RT @CMArzamendiA: #Hackathonposadas los equipos presentan sus proyectos de innovaci√≥n ciudadana! @losadajoaquin @pepivillalba https://t.co/‚Ä¶",FALSE,0,NA,2017-05-28 20:53:48,FALSE,NA,"868933346491019264",NA,"<a href=""http://twitter.com/download/android"" rel=""nofollow"">Twitter for Android</a>","Micaela41105508",7,TRUE,FALSE,NA,NA
"32","RT @CMArzamendiA: #Hackathonposadas los equipos presentan sus proyectos de innovaci√≥n ciudadana! @losadajoaquin @pepivillalba https://t.co/‚Ä¶",FALSE,0,NA,2017-05-28 20:53:40,FALSE,NA,"868933314681475073",NA,"<a href=""http://twitter.com/download/android"" rel=""nofollow"">Twitter for Android</a>","Juaname07763234",7,TRUE,FALSE,NA,NA
"33","RT @CMArzamendiA: #hackathonposadas : Los jueces eval√∫an los proyectos innovadores para la ciudad de Posadas @losadajoaquin @pepivillalba h‚Ä¶",FALSE,0,NA,2017-05-28 20:53:37,FALSE,NA,"868933300143968256",NA,"<a href=""http://twitter.com/download/android"" rel=""nofollow"">Twitter for Android</a>","Sara_perez_21",8,TRUE,FALSE,NA,NA
"34","RT @CMArzamendiA: #hackathonposadas : Los jueces eval√∫an los proyectos innovadores para la ciudad de Posadas @losadajoaquin @pepivillalba h‚Ä¶",FALSE,0,NA,2017-05-28 20:53:34,FALSE,NA,"868933287221317632",NA,"<a href=""http://twitter.com/download/android"" rel=""nofollow"">Twitter for Android</a>","Micaela41105508",8,TRUE,FALSE,NA,NA
"35","RT @CMArzamendiA: #hackathonposadas : Los jueces eval√∫an los proyectos innovadores para la ciudad de Posadas @losadajoaquin @pepivillalba h‚Ä¶",FALSE,0,NA,2017-05-28 20:53:30,FALSE,NA,"868933271127822340",NA,"<a href=""http://twitter.com/download/android"" rel=""nofollow"">Twitter for Android</a>","Juaname07763234",8,TRUE,FALSE,NA,NA
"36","RT @soymotta: Momemtos definitorios de la #hackathonposadas! 
#hackathon #innovacion #innovation https://t.co/hfpAu16Tby",FALSE,0,NA,2017-05-28 20:53:22,FALSE,NA,"868933238118547456",NA,"<a href=""http://twitter.com/download/android"" rel=""nofollow"">Twitter for Android</a>","Micaela41105508",6,TRUE,FALSE,NA,NA
"37","RT @soymotta: Momemtos definitorios de la #hackathonposadas! 
#hackathon #innovacion #innovation https://t.co/hfpAu16Tby",FALSE,0,NA,2017-05-28 20:53:19,FALSE,NA,"868933223878885376",NA,"<a href=""http://twitter.com/download/android"" rel=""nofollow"">Twitter for Android</a>","Juaname07763234",6,TRUE,FALSE,NA,NA
"38","RT @soymotta: Momemtos definitorios de la #hackathonposadas! 
#hackathon #innovacion #innovation https://t.co/hfpAu16Tby",FALSE,0,NA,2017-05-28 20:53:15,FALSE,NA,"868933208406192129",NA,"<a href=""http://twitter.com/download/android"" rel=""nofollow"">Twitter for Android</a>","Sara_perez_21",6,TRUE,FALSE,NA,NA
"39","RT @muniposadas: #Ahora Evaluaci√≥n de proyectos de innovaci√≥n ciudadana en el cierre del #HackathonPosadas https://t.co/VzBNQ9nL9j",FALSE,0,NA,2017-05-28 20:53:12,FALSE,NA,"868933194250416128",NA,"<a href=""http://twitter.com/download/android"" rel=""nofollow"">Twitter for Android</a>","Sara_perez_21",4,TRUE,FALSE,NA,NA
"40","Ac√° por exponer en la #hackathonposadas Ì†ΩÌ∏Ç https://t.co/XzkGSdOiFe",FALSE,3,NA,2017-05-28 20:51:09,FALSE,NA,"868932680620158976",NA,"<a href=""http://twitter.com/download/android"" rel=""nofollow"">Twitter for Android</a>","Terrobesa",0,FALSE,FALSE,NA,NA
"41","8vo proyecto: GeoPosadas, mapa que te ayuda a elegir el mejor lugar para tu emprendimiento. #HackathonPosadas https://t.co/vmtKChUW50",FALSE,1,NA,2017-05-28 20:41:57,FALSE,NA,"868930364303134720",NA,"<a href=""http://twitter.com/download/android"" rel=""nofollow"">Twitter for Android</a>","posadastech",0,FALSE,FALSE,NA,NA
"42","#HackathonPosadas Proyecto Mis Places https://t.co/O1CJ67fOZb",FALSE,0,NA,2017-05-28 20:35:56,FALSE,NA,"868928850985615361",NA,"<a href=""http://twitter.com/download/android"" rel=""nofollow"">Twitter for Android</a>","posadastech",0,FALSE,FALSE,NA,NA
"43","RT @muniposadas: #Ahora Evaluaci√≥n de proyectos de innovaci√≥n ciudadana en el cierre del #HackathonPosadas https://t.co/VzBNQ9nL9j",FALSE,0,NA,2017-05-28 20:32:12,FALSE,NA,"868927910090027008",NA,"<a href=""http://twitter.com/download/android"" rel=""nofollow"">Twitter for Android</a>","ASzworak",4,TRUE,FALSE,NA,NA
"44","7mo proyecto Mis Places: Agente de viaje inteligente.
@posadastech #HackathonPosadas https://t.co/TpfIiu3U01",FALSE,2,NA,2017-05-28 20:31:39,FALSE,NA,"868927771669659648",NA,"<a href=""http://twitter.com/download/iphone"" rel=""nofollow"">Twitter for iPhone</a>","kickebarrios",0,FALSE,FALSE,NA,NA
"45","#Ahora Evaluaci√≥n de proyectos de innovaci√≥n ciudadana en el cierre del #HackathonPosadas https://t.co/VzBNQ9nL9j",FALSE,15,NA,2017-05-28 20:30:26,FALSE,NA,"868927466617925632",NA,"<a href=""http://twitter.com/download/android"" rel=""nofollow"">Twitter for Android</a>","muniposadas",4,FALSE,FALSE,NA,NA
"46","7mo Proyecto: MisPlaces - Punto encuentro entre la oferta y la demanda tur√≠stica #HackathonPosadas https://t.co/rA2W8L1z8o",FALSE,0,NA,2017-05-28 20:29:58,FALSE,NA,"868927348145606656",NA,"<a href=""http://twitter.com/download/android"" rel=""nofollow"">Twitter for Android</a>","posadastech",0,FALSE,FALSE,NA,NA
"47","7mo Proyecto: MisPlaces #HackathonPosadas https://t.co/wPFobK51Ya",FALSE,0,NA,2017-05-28 20:27:23,FALSE,NA,"868926700326924288",NA,"<a href=""http://twitter.com/download/android"" rel=""nofollow"">Twitter for Android</a>","posadastech",0,FALSE,FALSE,NA,NA
"48","RT @CMArzamendiA: #hackathonposadas : Los jueces eval√∫an los proyectos innovadores para la ciudad de Posadas @losadajoaquin @pepivillalba h‚Ä¶",FALSE,0,NA,2017-05-28 20:24:25,FALSE,NA,"868925950418972672",NA,"<a href=""http://twitter.com/download/android"" rel=""nofollow"">Twitter for Android</a>","pepivillalba",8,TRUE,FALSE,NA,NA
"49","6to proyecto: BetaCom. Comercio electr√≥nico regional.
@posadastech #HackathonPosadas https://t.co/ltXYM97WHz",FALSE,1,NA,2017-05-28 20:22:07,FALSE,NA,"868925373647646721",NA,"<a href=""http://twitter.com/download/iphone"" rel=""nofollow"">Twitter for iPhone</a>","kickebarrios",0,FALSE,FALSE,NA,NA
"50","6to Proyecto: Betacom, una plataforma web de comercio #HackathonPosadas https://t.co/5MBODhXPvR",FALSE,0,NA,2017-05-28 20:20:59,FALSE,NA,"868925089982578690",NA,"<a href=""http://twitter.com/download/android"" rel=""nofollow"">Twitter for Android</a>","posadastech",0,FALSE,FALSE,NA,NA
"51","5to proyecto: Semilleros de proyectos.
@posadastech #HackathonPosadas https://t.co/e2Oytf529O",FALSE,1,NA,2017-05-28 20:13:34,FALSE,NA,"868923220476514305",NA,"<a href=""http://twitter.com/download/iphone"" rel=""nofollow"">Twitter for iPhone</a>","kickebarrios",1,FALSE,FALSE,NA,NA
"52","Semillero de Proyectos: Una plataforma que conecta proyectos con interesados #HackathonPosadas https://t.co/R8eOAP86xH",FALSE,0,NA,2017-05-28 20:12:46,FALSE,NA,"868923021251182592",NA,"<a href=""http://twitter.com/download/android"" rel=""nofollow"">Twitter for Android</a>","posadastech",0,FALSE,FALSE,NA,NA
"53","5to proyecto: Semillero de Proyectos #HackathonPosadas https://t.co/OX0AaN424w",FALSE,0,NA,2017-05-28 20:10:30,FALSE,NA,"868922450377093120",NA,"<a href=""http://twitter.com/download/android"" rel=""nofollow"">Twitter for Android</a>","posadastech",0,FALSE,FALSE,NA,NA
"54","RT @soymotta: Momemtos definitorios de la #hackathonposadas! 
#hackathon #innovacion #innovation https://t.co/hfpAu16Tby",FALSE,0,NA,2017-05-28 20:08:25,FALSE,NA,"868921923954245632",NA,"<a href=""http://www.ehwiederbeste.de"" rel=""nofollow"">EhWiederBeste</a>","BSBot01",6,TRUE,FALSE,NA,NA
"55","Momemtos definitorios de la #hackathonposadas! 
#hackathon #innovacion #innovation https://t.co/hfpAu16Tby",FALSE,5,NA,2017-05-28 20:07:18,FALSE,NA,"868921643602759681",NA,"<a href=""http://twitter.com/download/android"" rel=""nofollow"">Twitter for Android</a>","soymotta",6,FALSE,FALSE,NA,NA
"56","RT @CMArzamendiA: #hackathonposadas : Los jueces eval√∫an los proyectos innovadores para la ciudad de Posadas @losadajoaquin @pepivillalba h‚Ä¶",FALSE,0,NA,2017-05-28 20:06:54,FALSE,NA,"868921542528434179",NA,"<a href=""http://twitter.com/download/android"" rel=""nofollow"">Twitter for Android</a>","nicogodoy1205",8,TRUE,FALSE,NA,NA
"57","4to proyecto: Disertaci√≥n de integrante del grupo Benitez Marcos #HackathonPosadas https://t.co/QAiSOljtWU",FALSE,0,NA,2017-05-28 20:06:20,FALSE,NA,"868921400693841921",NA,"<a href=""http://twitter.com/download/android"" rel=""nofollow"">Twitter for Android</a>","posadastech",0,FALSE,FALSE,NA,NA
"58","4to Proyecto: Tour interactivo - Cartel inteligente para turistas #HackathonPosadas https://t.co/QZClZZiyiE",FALSE,0,NA,2017-05-28 20:03:24,FALSE,NA,"868920665021317120",NA,"<a href=""http://twitter.com/download/android"" rel=""nofollow"">Twitter for Android</a>","posadastech",0,FALSE,FALSE,NA,NA
"59","RT @CMArzamendiA: #hackathonposadas : Los jueces eval√∫an los proyectos innovadores para la ciudad de Posadas @losadajoaquin @pepivillalba h‚Ä¶",FALSE,0,NA,2017-05-28 20:03:07,FALSE,NA,"868920590375288832",NA,"<a href=""http://twitter.com/download/android"" rel=""nofollow"">Twitter for Android</a>","veronicaifran",8,TRUE,FALSE,NA,NA
"60","#hackathonposadas : Los jueces eval√∫an los proyectos innovadores para la ciudad de Posadas @losadajoaquin‚Ä¶ https://t.co/u6uyIIaH7C",FALSE,10,NA,2017-05-28 20:00:40,TRUE,NA,"868919974001246208",NA,"<a href=""http://twitter.com/download/android"" rel=""nofollow"">Twitter for Android</a>","CMArzamendiA",8,FALSE,FALSE,NA,NA
"61","#Hackathonposadas los equipos presentan sus proyectos de innovaci√≥n ciudadana! @losadajoaquin @pepivillalba https://t.co/C96w49bGY5",FALSE,11,NA,2017-05-28 19:58:55,FALSE,NA,"868919533410582528",NA,"<a href=""http://twitter.com/download/android"" rel=""nofollow"">Twitter for Android</a>","CMArzamendiA",7,FALSE,FALSE,NA,NA
"62","3er Proyecto: Una #Posadas m√°s limpia y ecol√≥gica. #HackathonPosadas (Prototipo) https://t.co/xJ9Py9z9BJ",FALSE,4,NA,2017-05-28 19:58:14,FALSE,NA,"868919362991861760",NA,"<a href=""http://twitter.com/download/android"" rel=""nofollow"">Twitter for Android</a>","posadastech",4,FALSE,FALSE,NA,NA
"63","3er Proyecto: Una ciudad limpia libre de residuos. #HackathonPosadas https://t.co/q4M961HSDF",FALSE,2,NA,2017-05-28 19:54:18,FALSE,NA,"868918372670615556",NA,"<a href=""http://twitter.com/download/android"" rel=""nofollow"">Twitter for Android</a>","posadastech",3,FALSE,FALSE,NA,NA
"64","2do proyecto Guataha (viaje) : presentando el juego @posadastech #HackathonPosadas https://t.co/rjd946GZNB",FALSE,0,NA,2017-05-28 19:51:02,FALSE,NA,"868917550335348736",NA,"<a href=""http://twitter.com/download/iphone"" rel=""nofollow"">Twitter for iPhone</a>","kickebarrios",0,FALSE,FALSE,NA,NA
"65","Guataha: Aplicaci√≥n interactiva para conocer la ciudad (Demo) #HackathonPosadas https://t.co/cRHbSCbfwd",FALSE,1,NA,2017-05-28 19:47:22,FALSE,NA,"868916629509373955",NA,"<a href=""http://twitter.com/download/android"" rel=""nofollow"">Twitter for Android</a>","posadastech",1,FALSE,FALSE,NA,NA
"66","2do proyecto. Una aplicaci√≥n interactiva para conocer la ciudad #HackathonPosadas https://t.co/ayzOW87Kkm",FALSE,0,NA,2017-05-28 19:44:55,FALSE,NA,"868916012539928577",NA,"<a href=""http://twitter.com/download/android"" rel=""nofollow"">Twitter for Android</a>","posadastech",1,FALSE,FALSE,NA,NA
"67","RT @kickebarrios: 1er proyecto Cultura y turismo: proceso de experiencia y satisfacci√≥n. @posadastech #HackathonPosadas https://t.co/oPnBsk‚Ä¶",FALSE,0,NA,2017-05-28 19:42:04,FALSE,NA,"868915294760300546",NA,"<a href=""http://twitter.com/download/android"" rel=""nofollow"">Twitter for Android</a>","posadastech",1,TRUE,FALSE,NA,NA
"68","2do proyecto Guataha (viaje) : juego interactivo para turistas que visitan la ciudad. @posadastech #HackathonPosadas https://t.co/NhZ1IEbtb4",FALSE,1,NA,2017-05-28 19:41:23,FALSE,NA,"868915123414593536",NA,"<a href=""http://twitter.com/download/iphone"" rel=""nofollow"">Twitter for iPhone</a>","kickebarrios",0,FALSE,FALSE,NA,NA
"69","Ya empezamos las exposiciones!! #HackathonPosadas https://t.co/txX3iMKHQs",FALSE,0,NA,2017-05-28 19:39:27,FALSE,NA,"868914633876398081",NA,"<a href=""http://twitter.com/download/android"" rel=""nofollow"">Twitter for Android</a>","posadastech",0,FALSE,FALSE,NA,NA
"70","1er proyecto Cultura y turismo: proceso de experiencia y satisfacci√≥n. @posadastech #HackathonPosadas https://t.co/oPnBskePz0",FALSE,3,NA,2017-05-28 19:37:09,FALSE,NA,"868914057973288960",NA,"<a href=""http://twitter.com/download/iphone"" rel=""nofollow"">Twitter for iPhone</a>","kickebarrios",1,FALSE,FALSE,NA,NA
"71","RT @tamagodoy: #HackathonPosadas Innovaci√≥n Ciudadana @muniposadas https://t.co/pU7gYnqn36",FALSE,0,NA,2017-05-28 19:06:39,FALSE,NA,"868906380849295361",NA,"<a href=""http://twitter.com/download/android"" rel=""nofollow"">Twitter for Android</a>","Terrobesa",1,TRUE,FALSE,NA,NA
"72","Los evaluadores charlando con los grupos #HackathonPosadas https://t.co/rAxw79uu0l",FALSE,0,NA,2017-05-28 18:36:38,FALSE,NA,"868898826656067584",NA,"<a href=""http://twitter.com/download/android"" rel=""nofollow"">Twitter for Android</a>","posadastech",0,FALSE,FALSE,NA,NA
"73","No te pierdas la presentaci√≥n de los proyectos de #HackathonPosadas. A√∫n estas a tiempo!! https://t.co/HaN5GUDURd",FALSE,0,NA,2017-05-28 18:28:18,FALSE,NA,"868896730154242049",NA,"<a href=""http://twitter.com/download/android"" rel=""nofollow"">Twitter for Android</a>","posadastech",0,FALSE,FALSE,NA,NA
"74","Los evaluadores ya se encuentran presentes para ver los proyectos #HackathonPosadas @losadajoaquin @CMArzamendiA https://t.co/7OBFuDhv4Y",FALSE,0,NA,2017-05-28 18:26:04,FALSE,NA,"868896169539272705",NA,"<a href=""http://twitter.com/download/android"" rel=""nofollow"">Twitter for Android</a>","posadastech",0,FALSE,FALSE,NA,NA
"75","Se trabaja todos conectados! Minutos claves!! @CMArzamendiA @losadajoaquin  #HackathonPosadas https://t.co/gI0H83IAuZ",FALSE,0,NA,2017-05-28 18:22:43,FALSE,NA,"868895326966616065",NA,"<a href=""http://twitter.com/download/android"" rel=""nofollow"">Twitter for Android</a>","posadastech",0,FALSE,FALSE,NA,NA
"76","Ya falta poco para arrancar las presentaciones!! #HackathonPosadas https://t.co/DSztXvBHkt",FALSE,0,NA,2017-05-28 18:20:42,FALSE,NA,"868894815873847298",NA,"<a href=""http://twitter.com/download/android"" rel=""nofollow"">Twitter for Android</a>","posadastech",0,FALSE,FALSE,NA,NA
"77","RT @CMArzamendiA: #HackathonPosadas #HOY 14 proyectos concursan por el primer premio de innovaci√≥n ciudadana en UCaMi @losadajoaquin @pepiv‚Ä¶",FALSE,0,NA,2017-05-28 18:16:36,FALSE,NA,"868893786830766082",NA,"<a href=""http://twitter.com"" rel=""nofollow"">Twitter Web Client</a>","Jorgeomarescal2",6,TRUE,FALSE,NA,NA
"78","RT @CMArzamendiA: #HackathonPosadas #HOY 14 proyectos concursan por el primer premio de innovaci√≥n ciudadana en UCaMi @losadajoaquin @pepiv‚Ä¶",FALSE,0,NA,2017-05-28 18:13:58,FALSE,NA,"868893122180390912",NA,"<a href=""http://twitter.com/download/android"" rel=""nofollow"">Twitter for Android</a>","DirGralDDHH",6,TRUE,FALSE,NA,NA
"79","RT @CMArzamendiA: #HackathonPosadas #HOY 14 proyectos concursan por el primer premio de innovaci√≥n ciudadana en UCaMi @losadajoaquin @pepiv‚Ä¶",FALSE,0,NA,2017-05-28 18:12:15,FALSE,NA,"868892692419366912",NA,"<a href=""http://twitter.com/download/android"" rel=""nofollow"">Twitter for Android</a>","nicogodoy1205",6,TRUE,FALSE,NA,NA
"80","RT @CMArzamendiA: #HackathonPosadas #HOY 14 proyectos concursan por el primer premio de innovaci√≥n ciudadana en UCaMi @losadajoaquin @pepiv‚Ä¶",FALSE,0,NA,2017-05-28 18:00:50,FALSE,NA,"868889818331328512",NA,"<a href=""http://twitter.com/download/android"" rel=""nofollow"">Twitter for Android</a>","losadajoaquin",6,TRUE,FALSE,NA,NA
"81","#HackathonPosadas #HOY 14 proyectos concursan por el primer premio de innovaci√≥n ciudadana en UCaMi @losadajoaquin‚Ä¶ https://t.co/nAUV1MY5f6",FALSE,7,NA,2017-05-28 17:59:28,TRUE,NA,"868889475623026693",NA,"<a href=""http://twitter.com/download/android"" rel=""nofollow"">Twitter for Android</a>","CMArzamendiA",6,FALSE,FALSE,NA,NA
"82","RT @CMArzamendiA: #hackathonposadas #hoy yoga. https://t.co/97zf6b0prR",FALSE,0,NA,2017-05-28 17:46:07,FALSE,NA,"868886114626654210",NA,"<a href=""http://twitter.com/download/android"" rel=""nofollow"">Twitter for Android</a>","luciano3219",6,TRUE,FALSE,NA,NA
"83","RT @CMArzamendiA: #hackathonposadas #hoy yoga. https://t.co/97zf6b0prR",FALSE,0,NA,2017-05-28 17:46:00,FALSE,NA,"868886084670939136",NA,"<a href=""http://twitter.com/download/android"" rel=""nofollow"">Twitter for Android</a>","emmaruiz531",6,TRUE,FALSE,NA,NA
"84","RT @CMArzamendiA: #hackathonposadas #hoy yoga. https://t.co/97zf6b0prR",FALSE,0,NA,2017-05-28 17:45:48,FALSE,NA,"868886033055834112",NA,"<a href=""http://twitter.com/download/android"" rel=""nofollow"">Twitter for Android</a>","nicogodoy1205",6,TRUE,FALSE,NA,NA
"85","RT @CMArzamendiA: #hackathonposadas #hoy yoga. https://t.co/97zf6b0prR",FALSE,0,NA,2017-05-28 17:45:37,FALSE,NA,"868885987153371138",NA,"<a href=""http://twitter.com/download/android"" rel=""nofollow"">Twitter for Android</a>","cynmarquez12",6,TRUE,FALSE,NA,NA
"86","RT @CMArzamendiA: #hackathonposadas #hoy yoga. https://t.co/97zf6b0prR",FALSE,0,NA,2017-05-28 17:45:29,FALSE,NA,"868885956513992704",NA,"<a href=""http://twitter.com/download/android"" rel=""nofollow"">Twitter for Android</a>","Walter210692",6,TRUE,FALSE,NA,NA
"87","@Terrobesa  tiene que terminar el moqups de la aplicaci√≥n ... #hackathonposadas https://t.co/ehk5P87nup",FALSE,1,"Terrobesa",2017-05-28 17:41:45,FALSE,NA,"868885016755007488","342451841","<a href=""http://twitter.com"" rel=""nofollow"">Twitter Web Client</a>","sandovalgus",0,FALSE,FALSE,NA,NA
"88","#hackathonposadas #hoy yoga. https://t.co/97zf6b0prR",FALSE,7,NA,2017-05-28 17:36:39,FALSE,NA,"868883733805494273",NA,"<a href=""http://twitter.com/download/android"" rel=""nofollow"">Twitter for Android</a>","CMArzamendiA",6,FALSE,FALSE,NA,NA
"89","RT @economisiones: #hackathonposadas m√°s de 170 desarrolladores tecnol√≥gicos buscan soluciones para Posadas https://t.co/8ONK148neo https:/‚Ä¶",FALSE,0,NA,2017-05-28 17:20:02,FALSE,NA,"868879548636639234",NA,"<a href=""http://twitter.com/download/android"" rel=""nofollow"">Twitter for Android</a>","Micaela41105508",4,TRUE,FALSE,NA,NA
"90","RT @CMArzamendiA: #HackathonPosadas : Equipos desarrollando sus prototipos de innovaci√≥n #HOY 4:37hs. @losadajoaquin @pepivillalba https://‚Ä¶",FALSE,0,NA,2017-05-28 17:16:43,FALSE,NA,"868878715685621760",NA,"<a href=""http://twitter.com/download/android"" rel=""nofollow"">Twitter for Android</a>","kasandrads14",15,TRUE,FALSE,NA,NA
"91","Nos estamos acercando al final y los premios ya se hacen ver #hackathonposadas https://t.co/xJfXTKRPBm",FALSE,0,NA,2017-05-28 16:44:19,FALSE,NA,"868870560675221506",NA,"<a href=""http://twitter.com/download/android"" rel=""nofollow"">Twitter for Android</a>","posadastech",0,FALSE,FALSE,NA,NA
"92","RT @economisiones: #hackathonposadas m√°s de 170 desarrolladores tecnol√≥gicos buscan soluciones para Posadas https://t.co/8ONK148neo https:/‚Ä¶",FALSE,0,NA,2017-05-28 16:33:25,FALSE,NA,"868867819160690688",NA,"<a href=""http://twitter.com/download/android"" rel=""nofollow"">Twitter for Android</a>","GustavoMelnik",4,TRUE,FALSE,NA,NA
"93","#hackathonposadas hay equipo... √∫ltimo d√≠a y Ra√∫l sin Instagram @ Universidad Cat√≥lica de las‚Ä¶ https://t.co/hceHrd4LJ6",FALSE,0,NA,2017-05-28 16:25:29,FALSE,NA,"868865820943945728",NA,"<a href=""http://instagram.com"" rel=""nofollow"">Instagram</a>","matudelatower",1,FALSE,FALSE,"-55.93893076","-27.35557474"
"94","RT @economisiones: #hackathonposadas m√°s de 170 desarrolladores tecnol√≥gicos buscan soluciones para Posadas https://t.co/8ONK148neo https:/‚Ä¶",FALSE,0,NA,2017-05-28 15:47:42,FALSE,NA,"868856312423120896",NA,"<a href=""http://twitter.com/download/android"" rel=""nofollow"">Twitter for Android</a>","citvillaurquiza",4,TRUE,FALSE,NA,NA
"95","RT @economisiones: #hackathonposadas m√°s de 170 desarrolladores tecnol√≥gicos buscan soluciones para Posadas https://t.co/8ONK148neo https:/‚Ä¶",FALSE,0,NA,2017-05-28 15:30:09,FALSE,NA,"868851897456877570",NA,"<a href=""http://twitter.com/download/android"" rel=""nofollow"">Twitter for Android</a>","losadajoaquin",4,TRUE,FALSE,NA,NA
"96","RT @soymotta: Los equipos no paran de desarrollar soluciones para la Ciudad en la #hackathonposadas .
¬°Aplausos al esfuerzo y la dedicaci√≥n‚Ä¶",FALSE,0,NA,2017-05-28 14:38:47,FALSE,NA,"868838969106210821",NA,"<a href=""http://twitter.com/download/android"" rel=""nofollow"">Twitter for Android</a>","hudemaEstela",5,TRUE,FALSE,NA,NA
"97","RT @CMArzamendiA: #HackathonPosadas : Equipos desarrollando sus prototipos de innovaci√≥n #HOY 4:37hs. @losadajoaquin @pepivillalba https://‚Ä¶",FALSE,0,NA,2017-05-28 14:20:11,FALSE,NA,"868834290460762112",NA,"<a href=""http://twitter.com/download/android"" rel=""nofollow"">Twitter for Android</a>","lisilvero",15,TRUE,FALSE,NA,NA
"98","#HackathonPosadas Innovaci√≥n Ciudadana @muniposadas https://t.co/pU7gYnqn36",FALSE,5,NA,2017-05-28 14:04:12,FALSE,NA,"868830265946329091",NA,"<a href=""http://twitter.com/download/android"" rel=""nofollow"">Twitter for Android</a>","tamagodoy",1,FALSE,FALSE,NA,NA
"99","RT @posadastech: Estas im√°genes son un resumen de las primeras horas del evento #HackathonPosadas, compartilas o dale #RT! https://t.co/B9R‚Ä¶",FALSE,0,NA,2017-05-28 13:52:07,FALSE,NA,"868827225201807361",NA,"<a href=""http://twitter.com/download/android"" rel=""nofollow"">Twitter for Android</a>","Terrobesa",9,TRUE,FALSE,NA,NA
"100","RT @posadastech: Buen d√≠a #Posadas !! #HackathonPosadas https://t.co/YFmrRHhgSM",FALSE,0,NA,2017-05-28 13:51:56,FALSE,NA,"868827180452675584",NA,"<a href=""http://twitter.com/download/android"" rel=""nofollow"">Twitter for Android</a>","Terrobesa",8,TRUE,FALSE,NA,NA
"101","RT @CMArzamendiA: #HackathonPosadas : Equipos desarrollando sus prototipos de innovaci√≥n #HOY 4:37hs. @losadajoaquin @pepivillalba https://‚Ä¶",FALSE,0,NA,2017-05-28 13:43:47,FALSE,NA,"868825129836523522",NA,"<a href=""http://twitter.com/download/android"" rel=""nofollow"">Twitter for Android</a>","TelmoOrlando",15,TRUE,FALSE,NA,NA
"102","RT @CMArzamendiA: #HackathonPosadas : Equipos desarrollando sus prototipos de innovaci√≥n #HOY 4:37hs. @losadajoaquin @pepivillalba https://‚Ä¶",FALSE,0,NA,2017-05-28 13:39:28,FALSE,NA,"868824042379280384",NA,"<a href=""http://twitter.com/download/android"" rel=""nofollow"">Twitter for Android</a>","nuevaalternati1",15,TRUE,FALSE,NA,NA
"103","RT @sandovalgus: No es un #hackathon si a nadie se le rompe un termo #hackathonposadas",FALSE,0,NA,2017-05-28 13:33:19,FALSE,NA,"868822496828678144",NA,"<a href=""http://www.ehwiederbeste.de"" rel=""nofollow"">EhWiederBeste</a>","BSBot01",1,TRUE,FALSE,NA,NA
"104","No es un #hackathon si a nadie se le rompe un termo #hackathonposadas",FALSE,2,NA,2017-05-28 13:30:33,FALSE,NA,"868821797898264577",NA,"<a href=""http://twitter.com"" rel=""nofollow"">Twitter Web Client</a>","sandovalgus",1,FALSE,FALSE,NA,NA
"105","Hoy se exponen los proyectos de los grupos de la #HackathonPosadas, los invitamos a todos los inscriptos!‚Ä¶ https://t.co/e2k0NjFBvl",FALSE,1,NA,2017-05-28 13:19:34,TRUE,NA,"868819036871806976",NA,"<a href=""http://twitter.com"" rel=""nofollow"">Twitter Web Client</a>","posadastech",0,FALSE,FALSE,NA,NA
"106","RT @CMArzamendiA: #HackathonPosadas : Equipos desarrollando sus prototipos de innovaci√≥n #HOY 4:37hs. @losadajoaquin @pepivillalba https://‚Ä¶",FALSE,0,NA,2017-05-28 12:40:55,FALSE,NA,"868809307864870912",NA,"<a href=""http://twitter.com/download/android"" rel=""nofollow"">Twitter for Android</a>","JYMorello",15,TRUE,FALSE,NA,NA
"107","#hackathonposadas Buen dia mortales... tamoactivo https://t.co/uAwCa3do1n",FALSE,0,NA,2017-05-28 12:34:01,FALSE,NA,"868807570777092097",NA,"<a href=""http://twitter.com"" rel=""nofollow"">Twitter Web Client</a>","matudelatower",0,FALSE,FALSE,NA,NA
"108","RT @CMArzamendiA: #HackathonPosadas : Equipos desarrollando sus prototipos de innovaci√≥n #HOY 4:37hs. @losadajoaquin @pepivillalba https://‚Ä¶",FALSE,0,NA,2017-05-28 12:28:06,FALSE,NA,"868806083615313924",NA,"<a href=""http://twitter.com/download/android"" rel=""nofollow"">Twitter for Android</a>","cynmarquez12",15,TRUE,FALSE,NA,NA
"109","RT @CMArzamendiA: #HackathonPosadas : Equipos desarrollando sus prototipos de innovaci√≥n #HOY 4:37hs. @losadajoaquin @pepivillalba https://‚Ä¶",FALSE,0,NA,2017-05-28 12:27:54,FALSE,NA,"868806032193146880",NA,"<a href=""http://twitter.com/download/android"" rel=""nofollow"">Twitter for Android</a>","nicogodoy1205",15,TRUE,FALSE,NA,NA
"110","RT @CMArzamendiA: #HackathonPosadas : Equipos desarrollando sus prototipos de innovaci√≥n #HOY 4:37hs. @losadajoaquin @pepivillalba https://‚Ä¶",FALSE,0,NA,2017-05-28 12:27:43,FALSE,NA,"868805986122960896",NA,"<a href=""http://twitter.com/download/android"" rel=""nofollow"">Twitter for Android</a>","emmaruiz531",15,TRUE,FALSE,NA,NA
"111","RT @CMArzamendiA: #HackathonPosadas : Equipos desarrollando sus prototipos de innovaci√≥n #HOY 4:37hs. @losadajoaquin @pepivillalba https://‚Ä¶",FALSE,0,NA,2017-05-28 12:27:23,FALSE,NA,"868805902803099649",NA,"<a href=""http://twitter.com/download/android"" rel=""nofollow"">Twitter for Android</a>","Walter210692",15,TRUE,FALSE,NA,NA
"112","RT @CMArzamendiA: #HackathonPosadas : Equipos desarrollando sus prototipos de innovaci√≥n #HOY 4:37hs. @losadajoaquin @pepivillalba https://‚Ä¶",FALSE,0,NA,2017-05-28 12:26:51,FALSE,NA,"868805769021575169",NA,"<a href=""http://twitter.com/download/android"" rel=""nofollow"">Twitter for Android</a>","luciano3219",15,TRUE,FALSE,NA,NA
"113","Un domingo fresco en la #hackathonposadas y con todo para incentivar las ideas Ì†ΩÌ≤™ https://t.co/kZNrhVWIbV",FALSE,1,NA,2017-05-28 12:12:19,FALSE,NA,"868802111735287812",NA,"<a href=""http://twitter.com/download/android"" rel=""nofollow"">Twitter for Android</a>","posadastech",0,FALSE,FALSE,NA,NA
"114","#BuenDia Arrancamos el #Domingo de finales en #HackathonPosadas https://t.co/OYzkOTFTCb",FALSE,0,NA,2017-05-28 12:06:23,FALSE,NA,"868800617350909952",NA,"<a href=""http://twitter.com/download/android"" rel=""nofollow"">Twitter for Android</a>","posadastech",0,FALSE,FALSE,NA,NA
"115","RT @CMArzamendiA: #HackathonPosadas : Equipos desarrollando sus prototipos de innovaci√≥n #HOY 4:37hs. @losadajoaquin @pepivillalba https://‚Ä¶",FALSE,0,NA,2017-05-28 11:56:13,FALSE,NA,"868798059232231424",NA,"<a href=""http://twitter.com/download/android"" rel=""nofollow"">Twitter for Android</a>","losadajoaquin",15,TRUE,FALSE,NA,NA
"116","RT @soymotta: Infaltable compa√±√≠a de la #hackathon .
Un buen mate y a seguir.
#hackathonposadas https://t.co/Xq0zd2DEKV",FALSE,0,NA,2017-05-28 11:28:29,FALSE,NA,"868791080111804419",NA,"<a href=""http://twitter.com/download/android"" rel=""nofollow"">Twitter for Android</a>","Micaela41105508",4,TRUE,FALSE,NA,NA
"117","RT @soymotta: Infaltable compa√±√≠a de la #hackathon .
Un buen mate y a seguir.
#hackathonposadas https://t.co/Xq0zd2DEKV",FALSE,0,NA,2017-05-28 11:28:26,FALSE,NA,"868791066287386628",NA,"<a href=""http://twitter.com/download/android"" rel=""nofollow"">Twitter for Android</a>","Juaname07763234",4,TRUE,FALSE,NA,NA
"118","RT @soymotta: Infaltable compa√±√≠a de la #hackathon .
Un buen mate y a seguir.
#hackathonposadas https://t.co/Xq0zd2DEKV",FALSE,0,NA,2017-05-28 11:28:23,FALSE,NA,"868791055432519680",NA,"<a href=""http://twitter.com/download/android"" rel=""nofollow"">Twitter for Android</a>","Sara_perez_21",4,TRUE,FALSE,NA,NA
"119","RT @soymotta: Los equipos no paran de desarrollar soluciones para la Ciudad en la #hackathonposadas .
¬°Aplausos al esfuerzo y la dedicaci√≥n‚Ä¶",FALSE,0,NA,2017-05-28 11:28:19,FALSE,NA,"868791038877605888",NA,"<a href=""http://twitter.com/download/android"" rel=""nofollow"">Twitter for Android</a>","Sara_perez_21",5,TRUE,FALSE,NA,NA
"120","RT @soymotta: Los equipos no paran de desarrollar soluciones para la Ciudad en la #hackathonposadas .
¬°Aplausos al esfuerzo y la dedicaci√≥n‚Ä¶",FALSE,0,NA,2017-05-28 11:28:16,FALSE,NA,"868791025309011968",NA,"<a href=""http://twitter.com/download/android"" rel=""nofollow"">Twitter for Android</a>","Micaela41105508",5,TRUE,FALSE,NA,NA
"121","RT @soymotta: Los equipos no paran de desarrollar soluciones para la Ciudad en la #hackathonposadas .
¬°Aplausos al esfuerzo y la dedicaci√≥n‚Ä¶",FALSE,0,NA,2017-05-28 11:28:13,FALSE,NA,"868791011178360832",NA,"<a href=""http://twitter.com/download/android"" rel=""nofollow"">Twitter for Android</a>","Juaname07763234",5,TRUE,FALSE,NA,NA
"122","RT @CMArzamendiA: #HackathonPosadas : Equipos desarrollando sus prototipos de innovaci√≥n #HOY 4:37hs. @losadajoaquin @pepivillalba https://‚Ä¶",FALSE,0,NA,2017-05-28 11:28:06,FALSE,NA,"868790981784739840",NA,"<a href=""http://twitter.com/download/android"" rel=""nofollow"">Twitter for Android</a>","Micaela41105508",15,TRUE,FALSE,NA,NA
"123","RT @CMArzamendiA: #HackathonPosadas : Equipos desarrollando sus prototipos de innovaci√≥n #HOY 4:37hs. @losadajoaquin @pepivillalba https://‚Ä¶",FALSE,0,NA,2017-05-28 11:28:01,FALSE,NA,"868790963371745281",NA,"<a href=""http://twitter.com/download/android"" rel=""nofollow"">Twitter for Android</a>","Sara_perez_21",15,TRUE,FALSE,NA,NA
"124","RT @CMArzamendiA: #HackathonPosadas : Equipos desarrollando sus prototipos de innovaci√≥n #HOY 4:37hs. @losadajoaquin @pepivillalba https://‚Ä¶",FALSE,0,NA,2017-05-28 11:27:58,FALSE,NA,"868790949404696580",NA,"<a href=""http://twitter.com/download/android"" rel=""nofollow"">Twitter for Android</a>","Juaname07763234",15,TRUE,FALSE,NA,NA
"125","#HackathonPosadas : Equipos desarrollando sus prototipos de innovaci√≥n #HOY 4:37hs. @losadajoaquin @pepivillalba https://t.co/eqdqevu12Y",FALSE,16,NA,2017-05-28 11:15:58,FALSE,NA,"868787931527426050",NA,"<a href=""http://twitter.com/download/android"" rel=""nofollow"">Twitter for Android</a>","CMArzamendiA",15,FALSE,FALSE,NA,NA
"126","Los equipos no paran de desarrollar soluciones para la Ciudad en la #hackathonposadas .
¬°Aplausos al esfuerzo y la‚Ä¶ https://t.co/QeyykwYgvj",FALSE,2,NA,2017-05-28 10:19:46,TRUE,NA,"868773787415740416",NA,"<a href=""http://twitter.com"" rel=""nofollow"">Twitter Web Client</a>","soymotta",5,FALSE,FALSE,NA,NA
"127","RT @soymotta: Infaltable compa√±√≠a de la #hackathon .
Un buen mate y a seguir.
#hackathonposadas https://t.co/Xq0zd2DEKV",FALSE,0,NA,2017-05-28 10:18:17,FALSE,NA,"868773412336009216",NA,"<a href=""http://www.ehwiederbeste.de"" rel=""nofollow"">EhWiederBeste</a>","BSBot01",4,TRUE,FALSE,NA,NA
"128","Infaltable compa√±√≠a de la #hackathon .
Un buen mate y a seguir.
#hackathonposadas https://t.co/Xq0zd2DEKV",FALSE,1,NA,2017-05-28 10:16:28,FALSE,NA,"868772957195309056",NA,"<a href=""http://twitter.com"" rel=""nofollow"">Twitter Web Client</a>","soymotta",4,FALSE,FALSE,NA,NA
"129","A los participantes de la #HackathonPosadas ¬°Que no decaiga! Ma√±ana es el gran d√≠a...! #Domingo de definiciones!",FALSE,0,NA,2017-05-28 02:25:11,FALSE,NA,"868654355242774529",NA,"<a href=""http://twitter.com"" rel=""nofollow"">Twitter Web Client</a>","posadastech",0,FALSE,FALSE,NA,NA
"130","¬°Gran d√≠a de trabajo este #sabado en la #HackathonPosadas! Los grupos a full en una jornada super productiva!",FALSE,0,NA,2017-05-28 02:12:24,FALSE,NA,"868651137817346048",NA,"<a href=""http://twitter.com"" rel=""nofollow"">Twitter Web Client</a>","posadastech",1,FALSE,FALSE,NA,NA
"131","RT @sebapellizzeri: Alucinante la cantidad de gente en el hackaton de Posadas. #hackathonposadas #EcosistemaDeInnovaci√≥n #ArgentinaEmprende‚Ä¶",FALSE,0,NA,2017-05-28 01:24:46,FALSE,NA,"868639150186139651",NA,"<a href=""http://twitter.com/download/android"" rel=""nofollow"">Twitter for Android</a>","DonRudi",4,TRUE,FALSE,NA,NA
"132","#HackathonPosadas",FALSE,1,NA,2017-05-27 23:38:03,FALSE,NA,"868612295357845504",NA,"<a href=""http://www.facebook.com/twitter"" rel=""nofollow"">Facebook</a>","jav2004_33",0,FALSE,FALSE,NA,NA
"133","RT @posadastech: Ya paso la primera noche de #HackathonPosadas !! Buscando soluciones innovadoras https://t.co/VP6j8nk0Aw",FALSE,0,NA,2017-05-27 23:12:06,FALSE,NA,"868605764587450368",NA,"<a href=""http://twitter.com/download/android"" rel=""nofollow"">Twitter for Android</a>","hudemaEstela",9,TRUE,FALSE,NA,NA
"134","#hackathonposadas m√°s de 170 desarrolladores tecnol√≥gicos buscan soluciones para Posadas https://t.co/8ONK148neo https://t.co/KaXwVBvNFS",FALSE,10,NA,2017-05-27 23:01:46,FALSE,NA,"868603161136726017",NA,"<a href=""http://twitter.com"" rel=""nofollow"">Twitter Web Client</a>","economisiones",4,FALSE,FALSE,NA,NA
"135","RT @posadastech: Estas im√°genes son un resumen de las primeras horas del evento #HackathonPosadas, compartilas o dale #RT! https://t.co/B9R‚Ä¶",FALSE,0,NA,2017-05-27 22:45:27,FALSE,NA,"868599057584984064",NA,"<a href=""http://twitter.com/download/android"" rel=""nofollow"">Twitter for Android</a>","Lorena9581",9,TRUE,FALSE,NA,NA
"136","RT @posadastech: Ya paso la primera noche de #HackathonPosadas !! Buscando soluciones innovadoras https://t.co/VP6j8nk0Aw",FALSE,0,NA,2017-05-27 22:45:21,FALSE,NA,"868599032792403969",NA,"<a href=""http://twitter.com/download/android"" rel=""nofollow"">Twitter for Android</a>","Lorena9581",9,TRUE,FALSE,NA,NA
"137","RT @posadastech: Ma√±ana lluviosa de s√°bado. Hoy #HackathonPosadas contin√∫a!! https://t.co/FkCJVf3hoO",FALSE,0,NA,2017-05-27 22:45:16,FALSE,NA,"868599011535716356",NA,"<a href=""http://twitter.com/download/android"" rel=""nofollow"">Twitter for Android</a>","Lorena9581",9,TRUE,FALSE,NA,NA
"138","RT @posadastech: #HackathonPosadas de madrugada seguimos con la mejor compa√±√≠a! https://t.co/Wgjo8lk5u5",FALSE,0,NA,2017-05-27 22:22:41,FALSE,NA,"868593327704354816",NA,"<a href=""http://twitter.com/download/android"" rel=""nofollow"">Twitter for Android</a>","Micaela41105508",8,TRUE,FALSE,NA,NA
"139","RT @posadastech: Ya paso la primera noche de #HackathonPosadas !! Buscando soluciones innovadoras https://t.co/VP6j8nk0Aw",FALSE,0,NA,2017-05-27 22:22:36,FALSE,NA,"868593307903033344",NA,"<a href=""http://twitter.com/download/android"" rel=""nofollow"">Twitter for Android</a>","Micaela41105508",9,TRUE,FALSE,NA,NA
"140","RT @posadastech: #HackathonPosadas en la ciudad de #Posadas https://t.co/OMxrIy5cbV",FALSE,0,NA,2017-05-27 21:12:29,FALSE,NA,"868575659618127872",NA,"<a href=""https://mobile.twitter.com"" rel=""nofollow"">Twitter Lite</a>","aquinomelisa44",2,TRUE,FALSE,NA,NA
"141","RT @posadastech: 48 horas para generar innovaci√≥n en nuestra Ciudad. #HackathonPosadas https://t.co/212nlqhJLb",FALSE,0,NA,2017-05-27 21:12:03,FALSE,NA,"868575551350616066",NA,"<a href=""https://mobile.twitter.com"" rel=""nofollow"">Twitter Lite</a>","aquinomelisa44",1,TRUE,FALSE,NA,NA
"142","RT @posadastech: La cena esta servida en el #HackathonPosadas https://t.co/iS72hGcuqk",FALSE,0,NA,2017-05-27 21:11:59,FALSE,NA,"868575533721931776",NA,"<a href=""https://mobile.twitter.com"" rel=""nofollow"">Twitter Lite</a>","aquinomelisa44",1,TRUE,FALSE,NA,NA
"143","RT @posadastech: #HackathonPosadas https://t.co/3uww7XDAjv",FALSE,0,NA,2017-05-27 21:11:55,FALSE,NA,"868575516332355592",NA,"<a href=""https://mobile.twitter.com"" rel=""nofollow"">Twitter Lite</a>","aquinomelisa44",1,TRUE,FALSE,NA,NA
"144","RT @posadastech: Escuchando buena m√∫sica mientras surgen las ideas #HackathonPosadas https://t.co/AUnEnC7I8s",FALSE,0,NA,2017-05-27 21:11:51,FALSE,NA,"868575500230381568",NA,"<a href=""https://mobile.twitter.com"" rel=""nofollow"">Twitter Lite</a>","aquinomelisa44",1,TRUE,FALSE,NA,NA
"145","RT @posadastech: #HackathonPosadas https://t.co/5ozkyQ3ZDB",FALSE,0,NA,2017-05-27 21:11:44,FALSE,NA,"868575472170545153",NA,"<a href=""https://mobile.twitter.com"" rel=""nofollow"">Twitter Lite</a>","aquinomelisa44",1,TRUE,FALSE,NA,NA
"146","RT @posadastech: Ideas que van desarroll√°ndose y tomando forma. #HackathonPosadas @lucaszanek96 https://t.co/WzojmUo6Mp",FALSE,0,NA,2017-05-27 21:11:37,FALSE,NA,"868575444290985985",NA,"<a href=""https://mobile.twitter.com"" rel=""nofollow"">Twitter Lite</a>","aquinomelisa44",2,TRUE,FALSE,NA,NA
"147","RT @posadastech: Ma√±ana de #S√°bado en #Posadas #HackathonPosadas https://t.co/6T73J0UxDr",FALSE,0,NA,2017-05-27 21:11:16,FALSE,NA,"868575352788062212",NA,"<a href=""https://mobile.twitter.com"" rel=""nofollow"">Twitter Lite</a>","aquinomelisa44",2,TRUE,FALSE,NA,NA
"148","RT @posadastech: Grupos trabajando #HackathonPosadas https://t.co/hDn1o0xePW",FALSE,0,NA,2017-05-27 21:11:12,FALSE,NA,"868575336036003840",NA,"<a href=""https://mobile.twitter.com"" rel=""nofollow"">Twitter Lite</a>","aquinomelisa44",2,TRUE,FALSE,NA,NA
"149","RT @FelipeSMBarros: #100DaysOfCode #hackathonPosadas mate, facturas, ideas y muchos c√≥digos; #CodeHard #EatHard",FALSE,0,NA,2017-05-27 21:11:08,FALSE,NA,"868575320416411648",NA,"<a href=""https://mobile.twitter.com"" rel=""nofollow"">Twitter Lite</a>","aquinomelisa44",5,TRUE,FALSE,NA,NA
"150","RT @posadastech: Detalles de un evento que pretende grandes cosas #HackathonPosadas https://t.co/5yawMRDlj1",FALSE,0,NA,2017-05-27 21:10:35,FALSE,NA,"868575182306369536",NA,"<a href=""https://mobile.twitter.com"" rel=""nofollow"">Twitter Lite</a>","aquinomelisa44",2,TRUE,FALSE,NA,NA
"151","RT @posadastech: Los equipos conformados en la #HackathonPosadas disfrutando del almuerzo, luego a continuar actividades! https://t.co/bw24‚Ä¶",FALSE,0,NA,2017-05-27 21:10:31,FALSE,NA,"868575166397374464",NA,"<a href=""https://mobile.twitter.com"" rel=""nofollow"">Twitter Lite</a>","aquinomelisa44",3,TRUE,FALSE,NA,NA
"152","RT @posadastech: #HackathonPosadas de tarde! Las ideas de los grupos ya van tomando forma. https://t.co/Dk9z1ev5AK",FALSE,0,NA,2017-05-27 21:10:22,FALSE,NA,"868575127243554825",NA,"<a href=""https://mobile.twitter.com"" rel=""nofollow"">Twitter Lite</a>","aquinomelisa44",2,TRUE,FALSE,NA,NA
"153","RT @posadastech: Ya todo listo para la Primer #HackathonPosadas las autoridades abren la marat√≥n @losadajoaquin  @pepivillalba  @CMArzamend‚Ä¶",FALSE,0,NA,2017-05-27 21:08:42,FALSE,NA,"868574707611815939",NA,"<a href=""https://mobile.twitter.com"" rel=""nofollow"">Twitter Lite</a>","aquinomelisa44",24,TRUE,FALSE,NA,NA
"154","RT @posadastech: Buen d√≠a #Posadas !! #HackathonPosadas https://t.co/YFmrRHhgSM",FALSE,0,NA,2017-05-27 21:08:31,FALSE,NA,"868574662388842496",NA,"<a href=""https://mobile.twitter.com"" rel=""nofollow"">Twitter Lite</a>","aquinomelisa44",8,TRUE,FALSE,NA,NA
"155","RT @posadastech: Estas im√°genes son un resumen de las primeras horas del evento #HackathonPosadas, compartilas o dale #RT! https://t.co/B9R‚Ä¶",FALSE,0,NA,2017-05-27 21:08:24,FALSE,NA,"868574632173080580",NA,"<a href=""https://mobile.twitter.com"" rel=""nofollow"">Twitter Lite</a>","aquinomelisa44",9,TRUE,FALSE,NA,NA
"156","RT @posadastech: Ma√±ana lluviosa de s√°bado. Hoy #HackathonPosadas contin√∫a!! https://t.co/FkCJVf3hoO",FALSE,0,NA,2017-05-27 21:08:18,FALSE,NA,"868574608642977792",NA,"<a href=""https://mobile.twitter.com"" rel=""nofollow"">Twitter Lite</a>","aquinomelisa44",9,TRUE,FALSE,NA,NA
"157","RT @posadastech: Ya paso la primera noche de #HackathonPosadas !! Buscando soluciones innovadoras https://t.co/VP6j8nk0Aw",FALSE,0,NA,2017-05-27 21:08:03,FALSE,NA,"868574543253786625",NA,"<a href=""https://mobile.twitter.com"" rel=""nofollow"">Twitter Lite</a>","aquinomelisa44",9,TRUE,FALSE,NA,NA
"158","RT @posadastech: #HackathonPosadas de madrugada seguimos con la mejor compa√±√≠a! https://t.co/Wgjo8lk5u5",FALSE,0,NA,2017-05-27 21:07:55,FALSE,NA,"868574511767093249",NA,"<a href=""https://mobile.twitter.com"" rel=""nofollow"">Twitter Lite</a>","aquinomelisa44",8,TRUE,FALSE,NA,NA
"159","RT @posadastech: #HackathonPosadas de madrugada seguimos! Compa√±√≠a? Que no falte!! https://t.co/5gxl5BccQw",FALSE,0,NA,2017-05-27 21:07:51,FALSE,NA,"868574494646054913",NA,"<a href=""https://mobile.twitter.com"" rel=""nofollow"">Twitter Lite</a>","aquinomelisa44",4,TRUE,FALSE,NA,NA
"160","RT @posadastech: Ma√±ana de #S√°bado en #Posadas #HackathonPosadas https://t.co/6T73J0UxDr",FALSE,0,NA,2017-05-27 21:05:36,FALSE,NA,"868573928163336199",NA,"<a href=""https://mobile.twitter.com"" rel=""nofollow"">Twitter Lite</a>","SaraHaydeCibils",2,TRUE,FALSE,NA,NA
"161","RT @posadastech: Grupos trabajando #HackathonPosadas https://t.co/hDn1o0xePW",FALSE,0,NA,2017-05-27 21:05:32,FALSE,NA,"868573909746151427",NA,"<a href=""https://mobile.twitter.com"" rel=""nofollow"">Twitter Lite</a>","SaraHaydeCibils",2,TRUE,FALSE,NA,NA
"162","RT @FelipeSMBarros: #100DaysOfCode #hackathonPosadas mate, facturas, ideas y muchos c√≥digos; #CodeHard #EatHard",FALSE,0,NA,2017-05-27 21:05:25,FALSE,NA,"868573883288498177",NA,"<a href=""https://mobile.twitter.com"" rel=""nofollow"">Twitter Lite</a>","SaraHaydeCibils",5,TRUE,FALSE,NA,NA
"163","RT @posadastech: Detalles de un evento que pretende grandes cosas #HackathonPosadas https://t.co/5yawMRDlj1",FALSE,0,NA,2017-05-27 21:05:13,FALSE,NA,"868573830431821824",NA,"<a href=""https://mobile.twitter.com"" rel=""nofollow"">Twitter Lite</a>","SaraHaydeCibils",2,TRUE,FALSE,NA,NA
"164","RT @posadastech: Buen d√≠a #Posadas !! #HackathonPosadas https://t.co/YFmrRHhgSM",FALSE,0,NA,2017-05-27 21:04:11,FALSE,NA,"868573572792451078",NA,"<a href=""https://mobile.twitter.com"" rel=""nofollow"">Twitter Lite</a>","SaraHaydeCibils",8,TRUE,FALSE,NA,NA
"165","RT @posadastech: Estas im√°genes son un resumen de las primeras horas del evento #HackathonPosadas, compartilas o dale #RT! https://t.co/B9R‚Ä¶",FALSE,0,NA,2017-05-27 21:04:07,FALSE,NA,"868573555923050496",NA,"<a href=""https://mobile.twitter.com"" rel=""nofollow"">Twitter Lite</a>","SaraHaydeCibils",9,TRUE,FALSE,NA,NA
"166","RT @posadastech: Ma√±ana lluviosa de s√°bado. Hoy #HackathonPosadas contin√∫a!! https://t.co/FkCJVf3hoO",FALSE,0,NA,2017-05-27 21:04:00,FALSE,NA,"868573524646121474",NA,"<a href=""https://mobile.twitter.com"" rel=""nofollow"">Twitter Lite</a>","SaraHaydeCibils",9,TRUE,FALSE,NA,NA
"167","RT @posadastech: #HackathonPosadas de madrugada seguimos! Compa√±√≠a? Que no falte!! https://t.co/5gxl5BccQw",FALSE,0,NA,2017-05-27 21:03:02,FALSE,NA,"868573283523887104",NA,"<a href=""http://twitter.com/download/android"" rel=""nofollow"">Twitter for Android</a>","kasandrads14",4,TRUE,FALSE,NA,NA
"168","RT @posadastech: #HackathonPosadas de madrugada seguimos con la mejor compa√±√≠a! https://t.co/Wgjo8lk5u5",FALSE,0,NA,2017-05-27 21:03:00,FALSE,NA,"868573273885478912",NA,"<a href=""http://twitter.com/download/android"" rel=""nofollow"">Twitter for Android</a>","kasandrads14",8,TRUE,FALSE,NA,NA
"169","RT @posadastech: Ya paso la primera noche de #HackathonPosadas !! Buscando soluciones innovadoras https://t.co/VP6j8nk0Aw",FALSE,0,NA,2017-05-27 21:02:56,FALSE,NA,"868573257091436544",NA,"<a href=""http://twitter.com/download/android"" rel=""nofollow"">Twitter for Android</a>","kasandrads14",9,TRUE,FALSE,NA,NA
"170","RT @posadastech: Ma√±ana lluviosa de s√°bado. Hoy #HackathonPosadas contin√∫a!! https://t.co/FkCJVf3hoO",FALSE,0,NA,2017-05-27 21:02:53,FALSE,NA,"868573246333095938",NA,"<a href=""http://twitter.com/download/android"" rel=""nofollow"">Twitter for Android</a>","kasandrads14",9,TRUE,FALSE,NA,NA
"171","RT @posadastech: Estas im√°genes son un resumen de las primeras horas del evento #HackathonPosadas, compartilas o dale #RT! https://t.co/B9R‚Ä¶",FALSE,0,NA,2017-05-27 21:02:49,FALSE,NA,"868573227148349441",NA,"<a href=""http://twitter.com/download/android"" rel=""nofollow"">Twitter for Android</a>","kasandrads14",9,TRUE,FALSE,NA,NA
"172","RT @posadastech: Buen d√≠a #Posadas !! #HackathonPosadas https://t.co/YFmrRHhgSM",FALSE,0,NA,2017-05-27 21:02:46,FALSE,NA,"868573216410931201",NA,"<a href=""http://twitter.com/download/android"" rel=""nofollow"">Twitter for Android</a>","kasandrads14",8,TRUE,FALSE,NA,NA
"173","RT @posadastech: Ya paso la primera noche de #HackathonPosadas !! Buscando soluciones innovadoras https://t.co/VP6j8nk0Aw",FALSE,0,NA,2017-05-27 21:01:50,FALSE,NA,"868572980267413507",NA,"<a href=""https://mobile.twitter.com"" rel=""nofollow"">Twitter Lite</a>","SaraHaydeCibils",9,TRUE,FALSE,NA,NA
"174","RT @posadastech: #HackathonPosadas de madrugada seguimos con la mejor compa√±√≠a! https://t.co/Wgjo8lk5u5",FALSE,0,NA,2017-05-27 21:01:41,FALSE,NA,"868572943621775360",NA,"<a href=""https://mobile.twitter.com"" rel=""nofollow"">Twitter Lite</a>","SaraHaydeCibils",8,TRUE,FALSE,NA,NA
"175","RT @posadastech: #HackathonPosadas de madrugada seguimos! Compa√±√≠a? Que no falte!! https://t.co/5gxl5BccQw",FALSE,0,NA,2017-05-27 21:01:37,FALSE,NA,"868572924885823488",NA,"<a href=""https://mobile.twitter.com"" rel=""nofollow"">Twitter Lite</a>","SaraHaydeCibils",4,TRUE,FALSE,NA,NA
"176","RT @posadastech: Los equipos conformados en la #HackathonPosadas disfrutando del almuerzo, luego a continuar actividades! https://t.co/bw24‚Ä¶",FALSE,0,NA,2017-05-27 20:58:57,FALSE,NA,"868572255412002818",NA,"<a href=""https://mobile.twitter.com"" rel=""nofollow"">Twitter Lite</a>","SaraHaydeCibils",3,TRUE,FALSE,NA,NA
"177","RT @posadastech: #HackathonPosadas de tarde! Las ideas de los grupos ya van tomando forma. https://t.co/Dk9z1ev5AK",FALSE,0,NA,2017-05-27 20:58:18,FALSE,NA,"868572090429038593",NA,"<a href=""https://mobile.twitter.com"" rel=""nofollow"">Twitter Lite</a>","SaraHaydeCibils",2,TRUE,FALSE,NA,NA
"178","Casi mitad del recorrido.. 
#hackathonposadas #hackathon #innovacion #innovation https://t.co/T5vDtz8PeL",FALSE,2,NA,2017-05-27 20:53:50,FALSE,NA,"868570968532418563",NA,"<a href=""http://twitter.com/download/android"" rel=""nofollow"">Twitter for Android</a>","soymotta",1,FALSE,FALSE,NA,NA
"179","#HackathonPosadas de tarde! Las ideas de los grupos ya van tomando forma. https://t.co/Dk9z1ev5AK",FALSE,4,NA,2017-05-27 19:30:05,FALSE,NA,"868549892091908097",NA,"<a href=""http://twitter.com/download/android"" rel=""nofollow"">Twitter for Android</a>","posadastech",2,FALSE,FALSE,NA,NA
"180","#hackathonposadas",FALSE,0,NA,2017-05-27 18:37:38,FALSE,NA,"868536690637508609",NA,"<a href=""http://twitter.com/download/android"" rel=""nofollow"">Twitter for Android</a>","VeeritoEscobar",0,FALSE,FALSE,NA,NA
"181","RT @posadastech: Buen d√≠a #Posadas !! #HackathonPosadas https://t.co/YFmrRHhgSM",FALSE,0,NA,2017-05-27 17:44:07,FALSE,NA,"868523223511699456",NA,"<a href=""http://twitter.com/download/android"" rel=""nofollow"">Twitter for Android</a>","scorpio_luli",8,TRUE,FALSE,NA,NA
"182","RT @posadastech: Los equipos conformados en la #HackathonPosadas disfrutando del almuerzo, luego a continuar actividades! https://t.co/bw24‚Ä¶",FALSE,0,NA,2017-05-27 17:43:13,FALSE,NA,"868522997308682242",NA,"<a href=""http://twitter.com/download/android"" rel=""nofollow"">Twitter for Android</a>","scorpio_luli",3,TRUE,FALSE,NA,NA
"183","Los equipos conformados en la #HackathonPosadas disfrutando del almuerzo, luego a continuar actividades! https://t.co/bw24MtWzxH",FALSE,4,NA,2017-05-27 17:11:42,FALSE,NA,"868515066043400192",NA,"<a href=""http://twitter.com/download/android"" rel=""nofollow"">Twitter for Android</a>","posadastech",3,FALSE,FALSE,NA,NA
"184","RT @soymotta: ¬°¬°Seguimos, seguimos con la #hackathonposadas!!
#hackathon #innovacion #innovation #innovacionciudadana https://t.co/cEysVkHG‚Ä¶",FALSE,0,NA,2017-05-27 16:49:18,FALSE,NA,"868509429976707074",NA,"<a href=""http://twitter.com/download/android"" rel=""nofollow"">Twitter for Android</a>","pepivillalba",4,TRUE,FALSE,NA,NA
"185","RT soymotta: ¬°¬°Seguimos, seguimos con la #hackathonposadas!!
#hackathon #innovacion #innovation #innovacionciudadana https://t.co/cEysVkHG‚Ä¶",FALSE,1,NA,2017-05-27 16:00:00,FALSE,NA,"868497023229730820",NA,"<a href=""http://www.powerapps.com"" rel=""nofollow"">Microsoft PowerApps and Flow</a>","fmarin_ES",0,FALSE,FALSE,NA,NA
"186","RT @sebapellizzeri: Alucinante la cantidad de gente en el hackaton de Posadas. #hackathonposadas #EcosistemaDeInnovaci√≥n #ArgentinaEmprende‚Ä¶",FALSE,0,NA,2017-05-27 15:36:22,FALSE,NA,"868491075945680896",NA,"<a href=""http://twitter.com/download/android"" rel=""nofollow"">Twitter for Android</a>","mpellizzeri1",4,TRUE,FALSE,NA,NA
"187","RT @sebapellizzeri: Alucinante la cantidad de gente en el hackaton de Posadas. #hackathonposadas #EcosistemaDeInnovaci√≥n #ArgentinaEmprende‚Ä¶",FALSE,0,NA,2017-05-27 15:25:06,FALSE,NA,"868488240499761152",NA,"<a href=""http://twitter.com/download/android"" rel=""nofollow"">Twitter for Android</a>","IntensidadC",4,TRUE,FALSE,NA,NA
"188","RT @posadastech: Ya todo listo para la Primer #HackathonPosadas las autoridades abren la marat√≥n @losadajoaquin  @pepivillalba  @CMArzamend‚Ä¶",FALSE,0,NA,2017-05-27 15:22:08,FALSE,NA,"868487490356862976",NA,"<a href=""http://twitter.com/download/android"" rel=""nofollow"">Twitter for Android</a>","nicogodoy1205",24,TRUE,FALSE,NA,NA
"189","RT @posadastech: Ya todo listo para la Primer #HackathonPosadas las autoridades abren la marat√≥n @losadajoaquin  @pepivillalba  @CMArzamend‚Ä¶",FALSE,0,NA,2017-05-27 15:21:53,FALSE,NA,"868487427920408576",NA,"<a href=""http://twitter.com/download/android"" rel=""nofollow"">Twitter for Android</a>","luciano3219",24,TRUE,FALSE,NA,NA
"190","Alucinante la cantidad de gente en el hackaton de Posadas. #hackathonposadas #EcosistemaDeInnovaci√≥n‚Ä¶ https://t.co/zmFZ0EyAYy",FALSE,14,NA,2017-05-27 15:07:40,TRUE,NA,"868483851844288514",NA,"<a href=""http://twitter.com/download/iphone"" rel=""nofollow"">Twitter for iPhone</a>","sebapellizzeri",4,FALSE,FALSE,NA,NA
"191","Mat√≠as Motta: ¬°¬°Seguimos, seguimos con la #hackathonposadas!!#hackathon #innovacion #innovation #innovacionciudada‚Ä¶ https://t.co/yCdybjHde2",FALSE,0,NA,2017-05-27 14:50:29,FALSE,NA,"868479526002724864",NA,"<a href=""https://ifttt.com"" rel=""nofollow"">IFTTT</a>","innova_scape",0,FALSE,FALSE,NA,NA
"192","Detalles de un evento que pretende grandes cosas #HackathonPosadas https://t.co/5yawMRDlj1",FALSE,2,NA,2017-05-27 14:44:13,FALSE,NA,"868477948499775488",NA,"<a href=""http://www.hootsuite.com"" rel=""nofollow"">Hootsuite</a>","posadastech",2,FALSE,FALSE,NA,NA
"193","#HackathonPosadas https://t.co/EqT4SsFT6x",FALSE,0,NA,2017-05-27 14:35:51,FALSE,NA,"868475842560753665",NA,"<a href=""http://twitter.com/download/android"" rel=""nofollow"">Twitter for Android</a>","posadastech",0,FALSE,FALSE,NA,NA
"194","RT @posadastech: Ma√±ana lluviosa de s√°bado. Hoy #HackathonPosadas contin√∫a!! https://t.co/FkCJVf3hoO",FALSE,0,NA,2017-05-27 14:33:54,FALSE,NA,"868475354775789569",NA,"<a href=""http://twitter.com/download/android"" rel=""nofollow"">Twitter for Android</a>","JYMorello",9,TRUE,FALSE,NA,NA
"195","RT @posadastech: Buen d√≠a #Posadas !! #HackathonPosadas https://t.co/YFmrRHhgSM",FALSE,0,NA,2017-05-27 14:25:38,FALSE,NA,"868473275281747969",NA,"<a href=""http://twitter.com/download/android"" rel=""nofollow"">Twitter for Android</a>","rosanam2015",8,TRUE,FALSE,NA,NA
"196","RT @FelipeSMBarros: #100DaysOfCode #hackathonPosadas mate, facturas, ideas y muchos c√≥digos; #CodeHard #EatHard",FALSE,0,NA,2017-05-27 13:23:23,FALSE,NA,"868457608490999808",NA,"<a href=""http://twitter.com/download/android"" rel=""nofollow"">Twitter for Android</a>","posadastech",5,TRUE,FALSE,NA,NA
"197","Grupos trabajando #HackathonPosadas https://t.co/hDn1o0xePW",FALSE,2,NA,2017-05-27 13:23:10,FALSE,NA,"868457554187358208",NA,"<a href=""http://twitter.com/download/android"" rel=""nofollow"">Twitter for Android</a>","posadastech",2,FALSE,FALSE,NA,NA
"198","#100DaysOfCode #hackathonPosadas mate, facturas, ideas y muchos c√≥digos; #CodeHard #EatHard",FALSE,3,NA,2017-05-27 13:22:33,FALSE,NA,"868457398637383680",NA,"<a href=""http://bufferapp.com"" rel=""nofollow"">Buffer</a>","FelipeSMBarros",5,FALSE,FALSE,NA,NA
"199","RT @posadastech: Ya todo listo para la Primer #HackathonPosadas las autoridades abren la marat√≥n @losadajoaquin  @pepivillalba  @CMArzamend‚Ä¶",FALSE,0,NA,2017-05-27 13:09:11,FALSE,NA,"868454033727655937",NA,"<a href=""http://twitter.com/download/android"" rel=""nofollow"">Twitter for Android</a>","Walter210692",24,TRUE,FALSE,NA,NA
"200","RT @soymotta: ¬°¬°Seguimos, seguimos con la #hackathonposadas!!
#hackathon #innovacion #innovation #innovacionciudadana https://t.co/cEysVkHG‚Ä¶",FALSE,0,NA,2017-05-27 13:04:12,FALSE,NA,"868452781333544961",NA,"<a href=""http://twitter.com/download/android"" rel=""nofollow"">Twitter for Android</a>","Sara_perez_21",4,TRUE,FALSE,NA,NA
"201","RT @soymotta: ¬°¬°Seguimos, seguimos con la #hackathonposadas!!
#hackathon #innovacion #innovation #innovacionciudadana https://t.co/cEysVkHG‚Ä¶",FALSE,0,NA,2017-05-27 13:04:05,FALSE,NA,"868452752346755074",NA,"<a href=""http://twitter.com/download/android"" rel=""nofollow"">Twitter for Android</a>","Juaname07763234",4,TRUE,FALSE,NA,NA
"202","RT @soymotta: ¬°¬°Seguimos, seguimos con la #hackathonposadas!!
#hackathon #innovacion #innovation #innovacionciudadana https://t.co/cEysVkHG‚Ä¶",FALSE,0,NA,2017-05-27 13:04:01,FALSE,NA,"868452735326310401",NA,"<a href=""http://twitter.com/download/android"" rel=""nofollow"">Twitter for Android</a>","Micaela41105508",4,TRUE,FALSE,NA,NA
"203","RT @posadastech: Ma√±ana lluviosa de s√°bado. Hoy #HackathonPosadas contin√∫a!! https://t.co/FkCJVf3hoO",FALSE,0,NA,2017-05-27 12:52:11,FALSE,NA,"868449754472222720",NA,"<a href=""http://twitter.com/download/android"" rel=""nofollow"">Twitter for Android</a>","britezdaniel",9,TRUE,FALSE,NA,NA
"204","¬°¬°Seguimos, seguimos con la #hackathonposadas!!
#hackathon #innovacion #innovation #innovacionciudadana https://t.co/cEysVkHGNu",FALSE,4,NA,2017-05-27 12:49:08,FALSE,NA,"868448990437703681",NA,"<a href=""http://twitter.com"" rel=""nofollow"">Twitter Web Client</a>","soymotta",4,FALSE,FALSE,NA,NA
"205","Ma√±ana de #S√°bado en #Posadas #HackathonPosadas https://t.co/6T73J0UxDr",FALSE,3,NA,2017-05-27 12:41:15,FALSE,NA,"868447002480267264",NA,"<a href=""http://twitter.com/download/android"" rel=""nofollow"">Twitter for Android</a>","posadastech",2,FALSE,FALSE,NA,NA
"206","RT @posadastech: Ya paso la primera noche de #HackathonPosadas !! Buscando soluciones innovadoras https://t.co/VP6j8nk0Aw",FALSE,0,NA,2017-05-27 12:38:45,FALSE,NA,"868446374060322817",NA,"<a href=""http://twitter.com/download/android"" rel=""nofollow"">Twitter for Android</a>","rosanam2015",9,TRUE,FALSE,NA,NA
"207","RT @posadastech: Ma√±ana lluviosa de s√°bado. Hoy #HackathonPosadas contin√∫a!! https://t.co/FkCJVf3hoO",FALSE,0,NA,2017-05-27 12:38:32,FALSE,NA,"868446322155827200",NA,"<a href=""http://twitter.com/download/android"" rel=""nofollow"">Twitter for Android</a>","rosanam2015",9,TRUE,FALSE,NA,NA
"208","RT @posadastech: #HackathonPosadas de madrugada seguimos con la mejor compa√±√≠a! https://t.co/Wgjo8lk5u5",FALSE,0,NA,2017-05-27 12:38:23,FALSE,NA,"868446285157814272",NA,"<a href=""http://twitter.com/download/android"" rel=""nofollow"">Twitter for Android</a>","rosanam2015",8,TRUE,FALSE,NA,NA
"209","RT @posadastech: Ma√±ana lluviosa de s√°bado. Hoy #HackathonPosadas contin√∫a!! https://t.co/FkCJVf3hoO",FALSE,0,NA,2017-05-27 12:37:58,FALSE,NA,"868446180098834432",NA,"<a href=""http://twitter.com/download/android"" rel=""nofollow"">Twitter for Android</a>","losadajoaquin",9,TRUE,FALSE,NA,NA
"210","RT @posadastech: Ya paso la primera noche de #HackathonPosadas !! Buscando soluciones innovadoras https://t.co/VP6j8nk0Aw",FALSE,0,NA,2017-05-27 12:37:54,FALSE,NA,"868446161962762240",NA,"<a href=""http://twitter.com/download/android"" rel=""nofollow"">Twitter for Android</a>","losadajoaquin",9,TRUE,FALSE,NA,NA
"211","RT @posadastech: #HackathonPosadas de madrugada seguimos con la mejor compa√±√≠a! https://t.co/Wgjo8lk5u5",FALSE,0,NA,2017-05-27 12:37:49,FALSE,NA,"868446141431545856",NA,"<a href=""http://twitter.com/download/android"" rel=""nofollow"">Twitter for Android</a>","losadajoaquin",8,TRUE,FALSE,NA,NA
"212","RT @posadastech: #HackathonPosadas de madrugada seguimos! Compa√±√≠a? Que no falte!! https://t.co/5gxl5BccQw",FALSE,0,NA,2017-05-27 12:33:02,FALSE,NA,"868444937616076803",NA,"<a href=""http://twitter.com/download/android"" rel=""nofollow"">Twitter for Android</a>","CMArzamendiA",4,TRUE,FALSE,NA,NA
"213","RT @posadastech: #HackathonPosadas de madrugada seguimos con la mejor compa√±√≠a! https://t.co/Wgjo8lk5u5",FALSE,0,NA,2017-05-27 12:32:59,FALSE,NA,"868444923187666948",NA,"<a href=""http://twitter.com/download/android"" rel=""nofollow"">Twitter for Android</a>","CMArzamendiA",8,TRUE,FALSE,NA,NA
"214","RT @posadastech: Ya paso la primera noche de #HackathonPosadas !! Buscando soluciones innovadoras https://t.co/VP6j8nk0Aw",FALSE,0,NA,2017-05-27 12:32:52,FALSE,NA,"868444893273874432",NA,"<a href=""http://twitter.com/download/android"" rel=""nofollow"">Twitter for Android</a>","CMArzamendiA",9,TRUE,FALSE,NA,NA
"215","RT @posadastech: Ma√±ana lluviosa de s√°bado. Hoy #HackathonPosadas contin√∫a!! https://t.co/FkCJVf3hoO",FALSE,0,NA,2017-05-27 12:32:45,FALSE,NA,"868444867046846464",NA,"<a href=""http://twitter.com/download/android"" rel=""nofollow"">Twitter for Android</a>","CMArzamendiA",9,TRUE,FALSE,NA,NA
"216","RT @posadastech: Estas im√°genes son un resumen de las primeras horas del evento #HackathonPosadas, compartilas o dale #RT! https://t.co/B9R‚Ä¶",FALSE,0,NA,2017-05-27 12:32:39,FALSE,NA,"868444841067282432",NA,"<a href=""http://twitter.com/download/android"" rel=""nofollow"">Twitter for Android</a>","CMArzamendiA",9,TRUE,FALSE,NA,NA
"217","RT @posadastech: Buen d√≠a #Posadas !! #HackathonPosadas https://t.co/YFmrRHhgSM",FALSE,0,NA,2017-05-27 12:32:25,FALSE,NA,"868444782380679172",NA,"<a href=""http://twitter.com/download/android"" rel=""nofollow"">Twitter for Android</a>","CMArzamendiA",8,TRUE,FALSE,NA,NA
"218","Buen dia mortales, hoy juega @BocaJrsOficial y hackathoneamos a lo perro #hackathonposadas #BuenSabado",FALSE,0,NA,2017-05-27 12:27:36,FALSE,NA,"868443569245351936",NA,"<a href=""http://twitter.com"" rel=""nofollow"">Twitter Web Client</a>","matudelatower",0,FALSE,FALSE,NA,NA
"219","Si necesita hackathon dale #hackathonposadas (@ Ucami, Universidad Cat√≥lica De Las Misiones) https://t.co/mVX9cCXRzW",FALSE,0,NA,2017-05-27 12:22:27,FALSE,NA,"868442273377374209",NA,"<a href=""http://foursquare.com"" rel=""nofollow"">Foursquare</a>","matudelatower",0,FALSE,FALSE,"-55.93874844","-27.35569339"
"220","RT @posadastech: Ya todo listo para la Primer #HackathonPosadas las autoridades abren la marat√≥n @losadajoaquin  @pepivillalba  @CMArzamend‚Ä¶",FALSE,0,NA,2017-05-27 12:13:05,FALSE,NA,"868439917810069504",NA,"<a href=""http://twitter.com/download/android"" rel=""nofollow"">Twitter for Android</a>","pepivillalba",24,TRUE,FALSE,NA,NA
"221","RT @posadastech: Ya todo listo para la Primer #HackathonPosadas las autoridades abren la marat√≥n @losadajoaquin  @pepivillalba  @CMArzamend‚Ä¶",FALSE,0,NA,2017-05-27 11:55:58,FALSE,NA,"868435610041823233",NA,"<a href=""http://twitter.com/download/android"" rel=""nofollow"">Twitter for Android</a>","TelmoOrlando",24,TRUE,FALSE,NA,NA
"222","Buen d√≠a #Posadas !! #HackathonPosadas https://t.co/YFmrRHhgSM",FALSE,8,NA,2017-05-27 11:28:56,FALSE,NA,"868428804036997120",NA,"<a href=""http://www.hootsuite.com"" rel=""nofollow"">Hootsuite</a>","posadastech",8,FALSE,FALSE,NA,NA
"223","RT @posadastech: Estas im√°genes son un resumen de las primeras horas del evento #HackathonPosadas, compartilas o dale #RT! https://t.co/B9R‚Ä¶",FALSE,0,NA,2017-05-27 11:27:38,FALSE,NA,"868428478852497408",NA,"<a href=""http://twitter.com/download/android"" rel=""nofollow"">Twitter for Android</a>","avellanedaandy",9,TRUE,FALSE,NA,NA
"224","Estas im√°genes son un resumen de las primeras horas del evento #HackathonPosadas, compartilas o dale #RT! https://t.co/B9RjmxsqKK",FALSE,5,NA,2017-05-27 11:09:43,FALSE,NA,"868423967396311040",NA,"<a href=""http://www.hootsuite.com"" rel=""nofollow"">Hootsuite</a>","posadastech",9,FALSE,FALSE,NA,NA
"225","Ma√±ana lluviosa de s√°bado. Hoy #HackathonPosadas contin√∫a!! https://t.co/FkCJVf3hoO",FALSE,11,NA,2017-05-27 10:57:26,FALSE,NA,"868420879239303168",NA,"<a href=""http://twitter.com/download/android"" rel=""nofollow"">Twitter for Android</a>","posadastech",9,FALSE,FALSE,NA,NA
"226","Ya paso la primera noche de #HackathonPosadas !! Buscando soluciones innovadoras https://t.co/VP6j8nk0Aw",FALSE,8,NA,2017-05-27 10:00:32,FALSE,NA,"868406559751229441",NA,"<a href=""http://www.hootsuite.com"" rel=""nofollow"">Hootsuite</a>","posadastech",9,FALSE,FALSE,NA,NA
"227","RT @posadastech: #HackathonPosadas de madrugada seguimos con la mejor compa√±√≠a! https://t.co/Wgjo8lk5u5",FALSE,0,NA,2017-05-27 09:55:00,FALSE,NA,"868405167976218624",NA,"<a href=""http://twitter.com/download/android"" rel=""nofollow"">Twitter for Android</a>","MarceDelgadoMKT",8,TRUE,FALSE,NA,NA
"228","Rumbo al #hackathonposadas , mi copiloto sali√≥ de joda anoche, ya veo que sale #rails for zombis",FALSE,5,NA,2017-05-27 09:51:21,FALSE,NA,"868404247746019328",NA,"<a href=""http://twitter.com/download/android"" rel=""nofollow"">Twitter for Android</a>","sandovalgus",0,FALSE,FALSE,NA,NA
"229","#HackathonPosadas de madrugada seguimos con la mejor compa√±√≠a! https://t.co/Wgjo8lk5u5",FALSE,7,NA,2017-05-27 07:00:17,FALSE,NA,"868361195367038977",NA,"<a href=""http://www.hootsuite.com"" rel=""nofollow"">Hootsuite</a>","posadastech",8,FALSE,FALSE,NA,NA
"230","RT @posadastech: Ideas que van desarroll√°ndose y tomando forma. #HackathonPosadas @lucaszanek96 https://t.co/WzojmUo6Mp",FALSE,0,NA,2017-05-27 06:53:24,FALSE,NA,"868359464566632449",NA,"<a href=""http://twitter.com/download/android"" rel=""nofollow"">Twitter for Android</a>","lucaszanek96",2,TRUE,FALSE,NA,NA
"231","#hackathonposadas a lo criollo https://t.co/VPnsCu19aQ",FALSE,7,NA,2017-05-27 05:40:27,FALSE,NA,"868341105150001153",NA,"<a href=""http://twitter.com/download/android"" rel=""nofollow"">Twitter for Android</a>","lucaszanek96",1,FALSE,FALSE,NA,NA
"232","#HackathonPosadas de madrugada seguimos! Compa√±√≠a? Que no falte!! https://t.co/5gxl5BccQw",FALSE,3,NA,2017-05-27 05:00:08,FALSE,NA,"868330961490124801",NA,"<a href=""http://www.hootsuite.com"" rel=""nofollow"">Hootsuite</a>","posadastech",4,FALSE,FALSE,NA,NA
"233","RT @soymotta: #hackathonposadas #hackathon Aqu√≠ y ahora, en la UCAMI. https://t.co/lh34xX8E6Y",FALSE,0,NA,2017-05-27 04:52:52,FALSE,NA,"868329132681310208",NA,"<a href=""http://www.ehwiederbeste.de"" rel=""nofollow"">EhWiederBeste</a>","BSBot01",1,TRUE,FALSE,NA,NA
"234","#hackathonposadas #hackathon Aqu√≠ y ahora, en la UCAMI. https://t.co/lh34xX8E6Y",FALSE,5,NA,2017-05-27 04:48:49,FALSE,NA,"868328112051953664",NA,"<a href=""http://twitter.com/download/android"" rel=""nofollow"">Twitter for Android</a>","soymotta",1,FALSE,FALSE,NA,NA
"235","RT @posadastech: Ya todo listo para la Primer #HackathonPosadas las autoridades abren la marat√≥n @losadajoaquin  @pepivillalba  @CMArzamend‚Ä¶",FALSE,0,NA,2017-05-27 03:48:01,FALSE,NA,"868312810773721088",NA,"<a href=""http://twitter.com/download/android"" rel=""nofollow"">Twitter for Android</a>","hudemaEstela",24,TRUE,FALSE,NA,NA
"236","#HackathonPosadas Entramos en el d√≠a S√°bado!! Los equipos est√°n trabajando en sus proyectos. https://t.co/9fFiLrjSoF",FALSE,5,NA,2017-05-27 03:04:36,FALSE,NA,"868301886797074432",NA,"<a href=""http://www.hootsuite.com"" rel=""nofollow"">Hootsuite</a>","posadastech",0,FALSE,FALSE,NA,NA
"237","RT @posadastech: Ya todo listo para la Primer #HackathonPosadas las autoridades abren la marat√≥n @losadajoaquin  @pepivillalba  @CMArzamend‚Ä¶",FALSE,0,NA,2017-05-27 01:08:38,FALSE,NA,"868272703907803136",NA,"<a href=""http://twitter.com"" rel=""nofollow"">Twitter Web Client</a>","revexe",24,TRUE,FALSE,NA,NA
"238","Ideas que van desarroll√°ndose y tomando forma. #HackathonPosadas @lucaszanek96 https://t.co/WzojmUo6Mp",FALSE,5,NA,2017-05-27 01:06:53,FALSE,NA,"868272263329665024",NA,"<a href=""http://www.hootsuite.com"" rel=""nofollow"">Hootsuite</a>","posadastech",2,FALSE,FALSE,NA,NA
"239","Escuchando buena m√∫sica mientras surgen las ideas #HackathonPosadas https://t.co/AUnEnC7I8s",FALSE,1,NA,2017-05-27 01:00:31,FALSE,NA,"868270659687862272",NA,"<a href=""http://www.hootsuite.com"" rel=""nofollow"">Hootsuite</a>","posadastech",1,FALSE,FALSE,NA,NA
"240","RT @posadastech: #HackathonPosadas en la ciudad de #Posadas https://t.co/OMxrIy5cbV",FALSE,0,NA,2017-05-27 00:55:08,FALSE,NA,"868269304973856770",NA,"<a href=""http://twitter.com"" rel=""nofollow"">Twitter Web Client</a>","kickebarrios",2,TRUE,FALSE,NA,NA
"241","RT @posadastech: Respiramos innovaci√≥n y tecnolog√≠a hoy #HackathonPosadas https://t.co/uf4sQt2quq",FALSE,0,NA,2017-05-27 00:54:56,FALSE,NA,"868269255736930305",NA,"<a href=""http://twitter.com"" rel=""nofollow"">Twitter Web Client</a>","kickebarrios",2,TRUE,FALSE,NA,NA
"242","RT @posadastech: Ya todo listo para la Primer #HackathonPosadas las autoridades abren la marat√≥n @losadajoaquin  @pepivillalba  @CMArzamend‚Ä¶",FALSE,0,NA,2017-05-27 00:54:50,FALSE,NA,"868269230155853825",NA,"<a href=""http://twitter.com"" rel=""nofollow"">Twitter Web Client</a>","kickebarrios",24,TRUE,FALSE,NA,NA
"243","RT @posadastech: Ya todo listo para la Primer #HackathonPosadas las autoridades abren la marat√≥n @losadajoaquin  @pepivillalba  @CMArzamend‚Ä¶",FALSE,0,NA,2017-05-27 00:51:17,FALSE,NA,"868268334000857089",NA,"<a href=""http://twitter.com/download/android"" rel=""nofollow"">Twitter for Android</a>","Ideasquetransf",24,TRUE,FALSE,NA,NA
"244","#hackathonposadas https://t.co/reIarV9Tsj",FALSE,5,NA,2017-05-27 00:49:03,FALSE,NA,"868267771972517888",NA,"<a href=""http://twitter.com/download/iphone"" rel=""nofollow"">Twitter for iPhone</a>","santiagosemhan",1,FALSE,FALSE,NA,NA
"245","La zona de combate del #hackathonPosadas https://t.co/erBm1s6DEk",FALSE,1,NA,2017-05-27 00:48:47,FALSE,NA,"868267707539611649",NA,"<a href=""http://twitter.com/download/android"" rel=""nofollow"">Twitter for Android</a>","sandovalgus",0,FALSE,FALSE,NA,NA
"246","RT @posadastech: Ya todo listo para la Primer #HackathonPosadas las autoridades abren la marat√≥n @losadajoaquin  @pepivillalba  @CMArzamend‚Ä¶",FALSE,0,NA,2017-05-27 00:35:10,FALSE,NA,"868264281439076354",NA,"<a href=""http://twitter.com/download/android"" rel=""nofollow"">Twitter for Android</a>","kasandrads14",24,TRUE,FALSE,NA,NA
"247","#HackathonPosadas https://t.co/5ozkyQ3ZDB",FALSE,4,NA,2017-05-27 00:32:04,FALSE,NA,"868263501416071168",NA,"<a href=""http://www.hootsuite.com"" rel=""nofollow"">Hootsuite</a>","posadastech",1,FALSE,FALSE,NA,NA
"248","#HackathonPosadas https://t.co/3uww7XDAjv",FALSE,3,NA,2017-05-27 00:28:50,FALSE,NA,"868262687355961344",NA,"<a href=""http://www.hootsuite.com"" rel=""nofollow"">Hootsuite</a>","posadastech",1,FALSE,FALSE,NA,NA
"249","RT @posadastech: Ya todo listo para la Primer #HackathonPosadas las autoridades abren la marat√≥n @losadajoaquin  @pepivillalba  @CMArzamend‚Ä¶",FALSE,0,NA,2017-05-27 00:24:53,FALSE,NA,"868261692760784900",NA,"<a href=""http://twitter.com/download/android"" rel=""nofollow"">Twitter for Android</a>","Juaname07763234",24,TRUE,FALSE,NA,NA
"250","RT @posadastech: Ya todo listo para la Primer #HackathonPosadas las autoridades abren la marat√≥n @losadajoaquin  @pepivillalba  @CMArzamend‚Ä¶",FALSE,0,NA,2017-05-27 00:24:47,FALSE,NA,"868261664646455296",NA,"<a href=""http://twitter.com/download/android"" rel=""nofollow"">Twitter for Android</a>","Micaela41105508",24,TRUE,FALSE,NA,NA
"251","RT @posadastech: Ya todo listo para la Primer #HackathonPosadas las autoridades abren la marat√≥n @losadajoaquin  @pepivillalba  @CMArzamend‚Ä¶",FALSE,0,NA,2017-05-27 00:24:39,FALSE,NA,"868261632237072385",NA,"<a href=""http://twitter.com/download/android"" rel=""nofollow"">Twitter for Android</a>","Sara_perez_21",24,TRUE,FALSE,NA,NA
"252","La cena esta servida en el #HackathonPosadas https://t.co/iS72hGcuqk",FALSE,2,NA,2017-05-27 00:23:21,FALSE,NA,"868261304699637760",NA,"<a href=""http://www.hootsuite.com"" rel=""nofollow"">Hootsuite</a>","posadastech",1,FALSE,FALSE,NA,NA
"253","RT @posadastech: Ya todo listo para la Primer #HackathonPosadas las autoridades abren la marat√≥n @losadajoaquin  @pepivillalba  @CMArzamend‚Ä¶",FALSE,0,NA,2017-05-27 00:08:20,FALSE,NA,"868257526139297794",NA,"<a href=""http://twitter.com/download/android"" rel=""nofollow"">Twitter for Android</a>","carlitos_baez",24,TRUE,FALSE,NA,NA
"254","RT @posadastech: Ya todo listo para la Primer #HackathonPosadas las autoridades abren la marat√≥n @losadajoaquin  @pepivillalba  @CMArzamend‚Ä¶",FALSE,0,NA,2017-05-27 00:00:03,FALSE,NA,"868255443956764672",NA,"<a href=""http://twitter.com/download/android"" rel=""nofollow"">Twitter for Android</a>","PosadasEmprende",24,TRUE,FALSE,NA,NA
"255","RT @posadastech: Ya todo listo para la Primer #HackathonPosadas las autoridades abren la marat√≥n @losadajoaquin  @pepivillalba  @CMArzamend‚Ä¶",FALSE,0,NA,2017-05-26 23:59:17,FALSE,NA,"868255249815011329",NA,"<a href=""http://twitter.com/download/android"" rel=""nofollow"">Twitter for Android</a>","CMArzamendiA",24,TRUE,FALSE,NA,NA
"256","RT @posadastech: Ya todo listo para la Primer #HackathonPosadas las autoridades abren la marat√≥n @losadajoaquin  @pepivillalba  @CMArzamend‚Ä¶",FALSE,0,NA,2017-05-26 23:57:02,FALSE,NA,"868254683147710464",NA,"<a href=""http://twitter.com/download/android"" rel=""nofollow"">Twitter for Android</a>","britezdaniel",24,TRUE,FALSE,NA,NA
"257","RT @posadastech: Ya todo listo para la Primer #HackathonPosadas las autoridades abren la marat√≥n @losadajoaquin  @pepivillalba  @CMArzamend‚Ä¶",FALSE,0,NA,2017-05-26 23:44:41,FALSE,NA,"868251576665878528",NA,"<a href=""http://twitter.com/download/android"" rel=""nofollow"">Twitter for Android</a>","rosanam2015",24,TRUE,FALSE,NA,NA
"258","RT @posadastech: Ya todo listo para la Primer #HackathonPosadas las autoridades abren la marat√≥n @losadajoaquin  @pepivillalba  @CMArzamend‚Ä¶",FALSE,0,NA,2017-05-26 23:29:21,FALSE,NA,"868247715691589634",NA,"<a href=""http://twitter.com/download/android"" rel=""nofollow"">Twitter for Android</a>","MarceDelgadoMKT",24,TRUE,FALSE,NA,NA
"259","48 horas para generar innovaci√≥n en nuestra Ciudad. #HackathonPosadas https://t.co/212nlqhJLb",FALSE,1,NA,2017-05-26 23:17:31,FALSE,NA,"868244737144348673",NA,"<a href=""http://www.hootsuite.com"" rel=""nofollow"">Hootsuite</a>","posadastech",1,FALSE,FALSE,NA,NA
"260","Grupo para @matudelatower !! #HackathonPosadas https://t.co/VFhJFKOr95",FALSE,2,NA,2017-05-26 23:12:49,FALSE,NA,"868243554367352832",NA,"<a href=""http://twitter.com"" rel=""nofollow"">Twitter Web Client</a>","posadastech",1,FALSE,FALSE,NA,NA
"261","Faltan 2 del team #hackathonposadas @ Universidad Cat√≥lica de las Misiones https://t.co/oadopb2eLW",FALSE,0,NA,2017-05-26 23:05:21,FALSE,NA,"868241677630275585",NA,"<a href=""http://instagram.com"" rel=""nofollow"">Instagram</a>","matudelatower",0,FALSE,FALSE,"-55.93893076","-27.35557474"
"262","#HackathonPosadas en la ciudad de #Posadas https://t.co/OMxrIy5cbV",FALSE,3,NA,2017-05-26 22:59:21,FALSE,NA,"868240166804221953",NA,"<a href=""http://www.hootsuite.com"" rel=""nofollow"">Hootsuite</a>","posadastech",2,FALSE,FALSE,NA,NA
"263","RT @posadastech: Ya todo listo para la Primer #HackathonPosadas las autoridades abren la marat√≥n @losadajoaquin  @pepivillalba  @CMArzamend‚Ä¶",FALSE,0,NA,2017-05-26 22:55:06,FALSE,NA,"868239095767728128",NA,"<a href=""http://twitter.com/download/android"" rel=""nofollow"">Twitter for Android</a>","avellanedaandy",24,TRUE,FALSE,NA,NA
"264","RT @posadastech: Ya todo listo para la Primer #HackathonPosadas las autoridades abren la marat√≥n @losadajoaquin  @pepivillalba  @CMArzamend‚Ä¶",FALSE,0,NA,2017-05-26 22:52:02,FALSE,NA,"868238325487894528",NA,"<a href=""http://twitter.com/download/android"" rel=""nofollow"">Twitter for Android</a>","losadajoaquin",24,TRUE,FALSE,NA,NA
"265","Los grupos ya est√°n conformando y las conversaciones empiezan a surgir. Esto es innovaci√≥n viva en #HackathonPosadas https://t.co/SFIsGltdQ5",FALSE,0,NA,2017-05-26 22:44:18,FALSE,NA,"868236379788128257",NA,"<a href=""http://www.hootsuite.com"" rel=""nofollow"">Hootsuite</a>","posadastech",0,FALSE,FALSE,NA,NA
"266","RT @posadastech: Respiramos innovaci√≥n y tecnolog√≠a hoy #HackathonPosadas https://t.co/uf4sQt2quq",FALSE,0,NA,2017-05-26 22:35:39,FALSE,NA,"868234200335486976",NA,"<a href=""http://compraventasc.com/"" rel=""nofollow"">Nuestros Minions</a>","wilberramirez01",2,TRUE,FALSE,NA,NA
"267","Respiramos innovaci√≥n y tecnolog√≠a hoy #HackathonPosadas https://t.co/uf4sQt2quq",FALSE,0,NA,2017-05-26 22:31:40,FALSE,NA,"868233199985491969",NA,"<a href=""http://www.hootsuite.com"" rel=""nofollow"">Hootsuite</a>","posadastech",2,FALSE,FALSE,NA,NA
"268","Los chicos ya est√°n conformando grupo y pensando soluciones. Muchos √©xitos!!! #HackathonPosadas",FALSE,0,NA,2017-05-26 22:29:54,FALSE,NA,"868232754491785216",NA,"<a href=""http://www.hootsuite.com"" rel=""nofollow"">Hootsuite</a>","posadastech",0,FALSE,FALSE,NA,NA
"269","El se√±or @CMArzamendiA dando algunas indicaciones previo al comienzo de #HackathonPosadas",FALSE,0,NA,2017-05-26 22:25:15,FALSE,NA,"868231586629767168",NA,"<a href=""http://www.hootsuite.com"" rel=""nofollow"">Hootsuite</a>","posadastech",0,FALSE,FALSE,NA,NA
"270","Ya todo listo para la Primer #HackathonPosadas las autoridades abren la marat√≥n @losadajoaquin  @pepivillalba‚Ä¶ https://t.co/HzdI34QMRH",FALSE,20,NA,2017-05-26 22:14:41,TRUE,NA,"868228926262431744",NA,"<a href=""http://www.hootsuite.com"" rel=""nofollow"">Hootsuite</a>","posadastech",24,FALSE,FALSE,NA,NA
"271","Ya todo listo para la Primer #HackathonPosadas las autoridades abren la marat√≥n @losadajoaquin @pepivillalba @CMArzamendiA",FALSE,0,NA,2017-05-26 22:02:58,FALSE,NA,"868225978711068673",NA,"<a href=""http://www.hootsuite.com"" rel=""nofollow"">Hootsuite</a>","posadastech",0,FALSE,FALSE,NA,NA
"272","Ya estas viniendo? No te pierdas la #HackathonPosadas que ya est√° arrancando! https://t.co/MAbb9X1gaJ",FALSE,0,NA,2017-05-26 22:00:00,FALSE,NA,"868225229344190469",NA,"<a href=""http://www.hootsuite.com"" rel=""nofollow"">Hootsuite</a>","posadastech",0,FALSE,FALSE,NA,NA
"273","RT @posadastech: Ya estamos arrancando el #HackathonPosadas !! https://t.co/iOJ2eu6qgy",FALSE,0,NA,2017-05-26 21:55:11,FALSE,NA,"868224017165168640",NA,"<a href=""http://twitter.com"" rel=""nofollow"">Twitter Web Client</a>","kickebarrios",2,TRUE,FALSE,NA,NA
"274","#HackathonPosadas tiene como objetivo contribuir a desarrollar una nueva cultura innovaci√≥n abierta.",FALSE,0,NA,2017-05-26 21:55:03,FALSE,NA,"868223984965484545",NA,"<a href=""http://www.hootsuite.com"" rel=""nofollow"">Hootsuite</a>","posadastech",0,FALSE,FALSE,NA,NA
"275","Ya estamos arrancando el #HackathonPosadas !! https://t.co/iOJ2eu6qgy",FALSE,0,NA,2017-05-26 21:53:14,FALSE,NA,"868223528969138176",NA,"<a href=""http://www.hootsuite.com"" rel=""nofollow"">Hootsuite</a>","posadastech",2,FALSE,FALSE,NA,NA
"276","Ya estamos por empezar el evento #HackathonPosadas seguinos con el hashtag!! https://t.co/pngNqKhm7S",FALSE,0,NA,2017-05-26 21:36:52,FALSE,NA,"868219411009871875",NA,"<a href=""http://www.hootsuite.com"" rel=""nofollow"">Hootsuite</a>","posadastech",0,FALSE,FALSE,NA,NA
"277","Es viernes de jacaton y el ing lo sabe! #hackathonposadas https://t.co/FoPZklWhpK",FALSE,2,NA,2017-05-26 13:32:13,FALSE,NA,"868097441656168449",NA,"<a href=""http://twitter.com"" rel=""nofollow"">Twitter Web Client</a>","matudelatower",0,FALSE,FALSE,NA,NA
